Workbook

Sheet Guide
A1: OBP*SLG = | B1: OTS | G1: Starting pitcher projected ERA * projected innings in game | M1: projected ERA from season performance and projections (Season ERA, Season xERA, Season FIP ERA, Season XFIP ERA)
A2: *Remove non-starters | G2: add bullpen projected ERA * innings
A3: *Divide by AL/NL average OTS | G3: divide by league average ERA
A4: ZiPS projected OTS
A5: Choose OTS, adjus for RHP/LHP diff and ballpark | K5: Home offensive rating (i.e. 1.07 for 107%/7% better) * pitching rating (expected runs given up as % of league average i.e. 4.1 RAA = 97% average = .97)
K7: win percentage = (runs ^exp) /(RA*exp)+(runs^exp) | Q7: exp based on game total table
A9: Dodgers (Bauer) @ | C9: Astros (Garcia) | E9: 8.5 | F9: Indians (Mackenzie) @ | H9: Tigers (Urena) | I9: 10 | K9: =POWER(4.64,1.916)/((POWER(4.64,1.916)+POWER(4.32,1.916))
A10: =1.384*1.0677*4.4 -> 6.5018659 | B10: xRuns | C10: =1.0677*0.923*4.4 -> 4.3361432 | F10: =1.167*0.96*4.38 -> 4.9070016 | H10: =1.21*0.939*4.38 -> 4.9765122
A11: =POWER(6.5,1.84)/(POWER(6.5,1.84)+(POWER(4.336,1.84))) -> 0.67807162 | C11: -212 | F11: =POWER(F10,1.95)/(POWER(F10,1.95)+(POWER(H10,1.95))) -> 0.49314316 | K11: =POWER(4.64,1.916)/(POWER(4.64,1.916)+(POWER(4.32,1.916))) -> 0.53417547 | L11: WIN% | M11: 3.5% standard home field adjustment | R11: League average ERA currently = 4.05
A12: Win% | C12: Odds | R12: 4.36 | S12: runs/game
A13: Padres (Paddack) @ | C13: Brewers (Lauer) | E13: 8 | F13: Blue Jays (Manoah) @ | H13: Yankees (German) | I13: 9.5 | K13: add .5 total runs to your # if >90 deg, subtract .5 if <55 deg
A14: =1.406*1.106*4.4 -> 6.8421584 | C14: =1.123*0.941935484*4.4 -> 4.6542916 | K14: cold weather = power pitcher > finesse
A15: =POWER(A14,1.8)/(POWER(A14,1.8)+(POWER(C14,1.8))) -> 0.66675936 | C15: -200 | K15: watch wind speed for finesse pitchers
K16: interleague game diff?
A17: Giants (Cueto) @ | C17: Diamondbacks (Merrill Kelly) | E17: 8.5 | F17: Reds (Hoffman) @ | H17: Nationals (Ross) | J17: 9.5
A18: =1.01*1.546*4.4 -> 6.870424 | C18: =1.227*0.98*4.4 -> 5.290824 | F18: =1.218*1.0645*4.38 -> 5.6789372 | H18: =1.201*1.029*4.38 -> 5.412931 | K18: https://www.fangraphs.com/leaders.aspx?pos=all&stats=rel&lg=all&qual=0&type=3&season=2021&month=0&season1=2021&ind=0&team=0,ts&rost=0&age=0&filter=&players=0&startdate=2021-01-01&enddate=2021-12-31
A19: =POWER(A18,1.84)/(POWER(A18,1.84)+(POWER(C18,1.84))) -> 0.61791395 | C19: -163 | F19: =POWER(F18,1.92)/(POWER(F18,1.92)+(POWER(H18,1.92))) -> 0.52301095 | H19: -109 | K19: https://baseballsavant.mlb.com/leaderboard/expected_statistics?type=pitcher&year=2021&position=&team=&min=25
K20: https://www.baseball-reference.com/leagues/MLB/pitch.shtml
A21: Braves (Smyly) @ | C21: Red Sox (Pivetta) | E21: 10.5 | F21: Cubs (T Williams) @ | H21: Pirates (Crowe) | J21: 8.5
A22: =0.927*1.06*4.38 -> 4.3038756 | C22: =1.27*1.077*4.38 -> 5.9909202 | F22: =1.019*1.162*4.38 -> 5.1862616 | H22: =0.93*1.103*4.38 -> 4.4929602 | K22: Total | L22: Exponent | M22: Total2 | N22: Exponent2
A23: =POWER(A22,1.98)/(POWER(A22,1.98)+(POWER(C22,1.98))) -> 0.34189887 | C23: -163 | F23: =POWER(F22,1.84)/(POWER(F22,1.84)+(POWER(H22,1.84))) -> 0.56562977 | H23: -130 | K23: 6.5 | L23: 1.67 | M23: 10 | N23: 1.95
K24: 7 | L24: 1.72 | M24: 10.5 | N24: 1.98
A25: Royals (Minor) @ | C25: Rays (Glasnow) | E25: 7 | F25: Rangers (Dunning) @ | H25: Angels (Canning) | J25: 8.5 | K25: 7.5 | L25: 1.76 | M25: 11 | N25: 2.01
A26: =0.788*0.9612*4.38 -> 3.3175241 | C26: =1.091*1.02*4.38 -> 4.8741516 | F26: =1.223*0.984*4.38 -> 5.2710322 | H26: =0.878*0.99*4.38 -> 3.8071836 | K26: 8 | L26: 1.8 | M26: 11.5 | N26: 2.04
A27: =POWER(A26,1.72)/(POWER(A26,1.72)+(POWER(C26,1.72))) -> 0.34035088 | C27: -185 | F27: =POWER(F26,1.84)/(POWER(F26,1.84)+(POWER(H26,1.84))) -> 0.64534033 | H27: -177 | K27: 8.5 | L27: 1.84 | M27: 12 | N27: 2.07
K28: 9 | L28: 1.88 | M28: 12.5 | N28: 2.1
A29: Rockies (Marquez) @ | C29: Mets (Stroman) | E29: 6.5 | F29: Cardinals (Gant) @ | H29: White Sox (Rodon) | J29: 8.5 | K29: 9.5 | L29: 1.92 | M29: 13 | N29: 2.12
A30: =0.8423*0.96*4.38 -> 3.541703 | C30: =1.154*0.9*4.38 -> 4.549068 | F30: =0.637*0.98*4.38 -> 2.7342588 | H30: =1.02*1.054*4.38 -> 4.7088504
A31: =POWER(A30,1.67)/(POWER(A30,1.67)+(POWER(C30,1.67))) -> 0.39698932 | C31: -122 | F31: =POWER(F30,1.84)/(POWER(F30,1.84)+(POWER(H30,1.84))) -> 0.26890338 | H31: -230 | L31: Running total:
L32: W | M32: L
F33: Orioles (J Lopez) @ | H33: Twins (Pineda) | I33: 9 | L33: 1
F34: =1.02*0.96*4.38 -> 4.288896 | H34: =1.18*1.04*4.38 -> 5.375136
F35: =POWER(F34,1.88)/(POWER(F34,1.88)+(POWER(H34,1.88))) -> 0.39545993 | H35: -150

Sheet Model
A1: Marlins | B1: Teams | C1: Pirates | D1: Game Total | E1: Red Sox | F1: Teams | G1: Yankees | H1: Game Total | I1: Nationals | J1: Teams | K1: Phillies | L1: Game Total | O1: Value of the Day | P1: Odds | Q1: EV
A2: =IF(A1="Diamondbacks",('Offensive Values'!$P$2+'Offensive Values'!$Q$2)/2,IF(A1="Braves",('Offensive Values'!$P$3+'Offensive Values'!$Q$3)/2,IF(A1="Orioles",('Offensive Values'!$P$4+'Offensive Values'!$Q$4)/2,IF(A1="Red Sox",('Offensive Values'!$P$5+'Offensive Values'!$Q$5)/2,IF(A1="Cubs",('Offensive Values'!$P$6+'Offensive Values'!$Q$6)/2,IF(A1="White Sox",('Offensive Values'!$P$7+'Offensive Values'!$Q$7)/2,IF(A1="Reds",('Offensive Values'!$P$8+'Offensive Values'!$Q$8)/2,IF(A1="Indians",('Offensive Values'!$P$9+'Offensive Values'!$Q$9)/2,IF(A1="Rockies",('Offensive Values'!$P$10+'Offensive Values'!$Q$10)/2,IF(A1="Tigers",('Offensive Values'!$P$11+'Offensive Values'!$Q$11)/2,IF(A1="Astros",('Offensive Values'!$P$12+'Offensive Values'!$Q$12)/2,IF(A1="Royals",('Offensive Values'!$P$13+'Offensive Values'!$Q$13)/2,IF(A1="Angels",('Offensive Values'!$P$14+'Offensive Values'!$Q$14)/2,IF(A1="Dodgers",('Offensive Values'!$P$15+'Offensive Values'!$Q$15)/2,IF(A1="Marlins",('Offensive Values'!$P$16+'Offensive Values'!$Q$16)/2,IF(A1="Brewers",('Offensive Values'!$P$17+'Offensive Values'!$Q$17)/2,IF(A1="Twins",('Offensive Values'!$P$18+'Offensive Values'!$Q$18)/2,IF(A1="Mets",('Offensive Values'!$P$19+'Offensive Values'!$Q$19)/2,IF(A1="Yankees",('Offensive Values'!$P$20+'Offensive Values'!$Q$20)/2,IF(A1="Athletics",('Offensive Values'!$P$21+'Offensive Values'!$Q$21)/2,IF(A1="Phillies",('Offensive Values'!$P$22+'Offensive Values'!$Q$22)/2,IF(A1="Pirates",('Offensive Values'!$P$23+'Offensive Values'!$Q$23)/2,IF(A1="Padres",('Offensive Values'!$P$24+'Offensive Values'!$Q$24)/2,IF(A1="Giants",('Offensive Values'!$P$25+'Offensive Values'!$Q$25)/2,IF(A1="Mariners",('Offensive Values'!$P$26+'Offensive Values'!$Q$26)/2,IF(A1="Cardinals",('Offensive Values'!$P$27+'Offensive Values'!$Q$27)/2,IF(A1="Rays",('Offensive Values'!$P$28+'Offensive Values'!$Q$28)/2,IF(A1="Rangers",('Offensive Values'!$P$29+'Offensive Values'!$Q$29)/2,IF(A1="Blue Jays",('Offensive Values'!$P$30+'Offensive Values'!$Q$30)/2,IF(A1="Nationals",('Offensive Values'!$P$31+'Offensive Values'!$Q$31)/2)))))))))))))))))))))))))))))) -> 0.93178279 | B2: Offensive Value | C2: =IF(C1="Diamondbacks",('Offensive Values'!$P$2+'Offensive Values'!$Q$2)/2,IF(C1="Braves",('Offensive Values'!$P$3+'Offensive Values'!$Q$3)/2,IF(C1="Orioles",('Offensive Values'!$P$4+'Offensive Values'!$Q$4)/2,IF(C1="Red Sox",('Offensive Values'!$P$5+'Offensive Values'!$Q$5)/2,IF(C1="Cubs",('Offensive Values'!$P$6+'Offensive Values'!$Q$6)/2,IF(C1="White Sox",('Offensive Values'!$P$7+'Offensive Values'!$Q$7)/2,IF(C1="Reds",('Offensive Values'!$P$8+'Offensive Values'!$Q$8)/2,IF(C1="Indians",('Offensive Values'!$P$9+'Offensive Values'!$Q$9)/2,IF(C1="Rockies",('Offensive Values'!$P$10+'Offensive Values'!$Q$10)/2,IF(C1="Tigers",('Offensive Values'!$P$11+'Offensive Values'!$Q$11)/2,IF(C1="Astros",('Offensive Values'!$P$12+'Offensive Values'!$Q$12)/2,IF(C1="Royals",('Offensive Values'!$P$13+'Offensive Values'!$Q$13)/2,IF(C1="Angels",('Offensive Values'!$P$14+'Offensive Values'!$Q$14)/2,IF(C1="Dodgers",('Offensive Values'!$P$15+'Offensive Values'!$Q$15)/2,IF(C1="Marlins",('Offensive Values'!$P$16+'Offensive Values'!$Q$16)/2,IF(C1="Brewers",('Offensive Values'!$P$17+'Offensive Values'!$Q$17)/2,IF(C1="Twins",('Offensive Values'!$P$18+'Offensive Values'!$Q$18)/2,IF(C1="Mets",('Offensive Values'!$P$19+'Offensive Values'!$Q$19)/2,IF(C1="Yankees",('Offensive Values'!$P$20+'Offensive Values'!$Q$20)/2,IF(C1="Athletics",('Offensive Values'!$P$21+'Offensive Values'!$Q$21)/2,IF(C1="Phillies",('Offensive Values'!$P$22+'Offensive Values'!$Q$22)/2,IF(C1="Pirates",('Offensive Values'!$P$23+'Offensive Values'!$Q$23)/2,IF(C1="Padres",('Offensive Values'!$P$24+'Offensive Values'!$Q$24)/2,IF(C1="Giants",('Offensive Values'!$P$25+'Offensive Values'!$Q$25)/2,IF(C1="Mariners",('Offensive Values'!$P$26+'Offensive Values'!$Q$26)/2,IF(C1="Cardinals",('Offensive Values'!$P$27+'Offensive Values'!$Q$27)/2,IF(C1="Rays",('Offensive Values'!$P$28+'Offensive Values'!$Q$28)/2,IF(C1="Rangers",('Offensive Values'!$P$29+'Offensive Values'!$Q$29)/2,IF(C1="Blue Jays",('Offensive Values'!$P$30+'Offensive Values'!$Q$30)/2,IF(C1="Nationals",('Offensive Values'!$P$31+'Offensive Values'!$Q$31)/2)))))))))))))))))))))))))))))) -> 0.93160077 | D2: 8 | E2: =IF(E1="Diamondbacks",('Offensive Values'!$P$2+'Offensive Values'!$Q$2)/2,IF(E1="Braves",('Offensive Values'!$P$3+'Offensive Values'!$Q$3)/2,IF(E1="Orioles",('Offensive Values'!$P$4+'Offensive Values'!$Q$4)/2,IF(E1="Red Sox",('Offensive Values'!$P$5+'Offensive Values'!$Q$5)/2,IF(E1="Cubs",('Offensive Values'!$P$6+'Offensive Values'!$Q$6)/2,IF(E1="White Sox",('Offensive Values'!$P$7+'Offensive Values'!$Q$7)/2,IF(E1="Reds",('Offensive Values'!$P$8+'Offensive Values'!$Q$8)/2,IF(E1="Indians",('Offensive Values'!$P$9+'Offensive Values'!$Q$9)/2,IF(E1="Rockies",('Offensive Values'!$P$10+'Offensive Values'!$Q$10)/2,IF(E1="Tigers",('Offensive Values'!$P$11+'Offensive Values'!$Q$11)/2,IF(E1="Astros",('Offensive Values'!$P$12+'Offensive Values'!$Q$12)/2,IF(E1="Royals",('Offensive Values'!$P$13+'Offensive Values'!$Q$13)/2,IF(E1="Angels",('Offensive Values'!$P$14+'Offensive Values'!$Q$14)/2,IF(E1="Dodgers",('Offensive Values'!$P$15+'Offensive Values'!$Q$15)/2,IF(E1="Marlins",('Offensive Values'!$P$16+'Offensive Values'!$Q$16)/2,IF(E1="Brewers",('Offensive Values'!$P$17+'Offensive Values'!$Q$17)/2,IF(E1="Twins",('Offensive Values'!$P$18+'Offensive Values'!$Q$18)/2,IF(E1="Mets",('Offensive Values'!$P$19+'Offensive Values'!$Q$19)/2,IF(E1="Yankees",('Offensive Values'!$P$20+'Offensive Values'!$Q$20)/2,IF(E1="Athletics",('Offensive Values'!$P$21+'Offensive Values'!$Q$21)/2,IF(E1="Phillies",('Offensive Values'!$P$22+'Offensive Values'!$Q$22)/2,IF(E1="Pirates",('Offensive Values'!$P$23+'Offensive Values'!$Q$23)/2,IF(E1="Padres",('Offensive Values'!$P$24+'Offensive Values'!$Q$24)/2,IF(E1="Giants",('Offensive Values'!$P$25+'Offensive Values'!$Q$25)/2,IF(E1="Mariners",('Offensive Values'!$P$26+'Offensive Values'!$Q$26)/2,IF(E1="Cardinals",('Offensive Values'!$P$27+'Offensive Values'!$Q$27)/2,IF(E1="Rays",('Offensive Values'!$P$28+'Offensive Values'!$Q$28)/2,IF(E1="Rangers",('Offensive Values'!$P$29+'Offensive Values'!$Q$29)/2,IF(E1="Blue Jays",('Offensive Values'!$P$30+'Offensive Values'!$Q$30)/2,IF(E1="Nationals",('Offensive Values'!$P$31+'Offensive Values'!$Q$31)/2)))))))))))))))))))))))))))))) -> 1.0446152 | F2: Offensive Value | G2: =IF(G1="Diamondbacks",('Offensive Values'!$P$2+'Offensive Values'!$Q$2)/2,IF(G1="Braves",('Offensive Values'!$P$3+'Offensive Values'!$Q$3)/2,IF(G1="Orioles",('Offensive Values'!$P$4+'Offensive Values'!$Q$4)/2,IF(G1="Red Sox",('Offensive Values'!$P$5+'Offensive Values'!$Q$5)/2,IF(G1="Cubs",('Offensive Values'!$P$6+'Offensive Values'!$Q$6)/2,IF(G1="White Sox",('Offensive Values'!$P$7+'Offensive Values'!$Q$7)/2,IF(G1="Reds",('Offensive Values'!$P$8+'Offensive Values'!$Q$8)/2,IF(G1="Indians",('Offensive Values'!$P$9+'Offensive Values'!$Q$9)/2,IF(G1="Rockies",('Offensive Values'!$P$10+'Offensive Values'!$Q$10)/2,IF(G1="Tigers",('Offensive Values'!$P$11+'Offensive Values'!$Q$11)/2,IF(G1="Astros",('Offensive Values'!$P$12+'Offensive Values'!$Q$12)/2,IF(G1="Royals",('Offensive Values'!$P$13+'Offensive Values'!$Q$13)/2,IF(G1="Angels",('Offensive Values'!$P$14+'Offensive Values'!$Q$14)/2,IF(G1="Dodgers",('Offensive Values'!$P$15+'Offensive Values'!$Q$15)/2,IF(G1="Marlins",('Offensive Values'!$P$16+'Offensive Values'!$Q$16)/2,IF(G1="Brewers",('Offensive Values'!$P$17+'Offensive Values'!$Q$17)/2,IF(G1="Twins",('Offensive Values'!$P$18+'Offensive Values'!$Q$18)/2,IF(G1="Mets",('Offensive Values'!$P$19+'Offensive Values'!$Q$19)/2,IF(G1="Yankees",('Offensive Values'!$P$20+'Offensive Values'!$Q$20)/2,IF(G1="Athletics",('Offensive Values'!$P$21+'Offensive Values'!$Q$21)/2,IF(G1="Phillies",('Offensive Values'!$P$22+'Offensive Values'!$Q$22)/2,IF(G1="Pirates",('Offensive Values'!$P$23+'Offensive Values'!$Q$23)/2,IF(G1="Padres",('Offensive Values'!$P$24+'Offensive Values'!$Q$24)/2,IF(G1="Giants",('Offensive Values'!$P$25+'Offensive Values'!$Q$25)/2,IF(G1="Mariners",('Offensive Values'!$P$26+'Offensive Values'!$Q$26)/2,IF(G1="Cardinals",('Offensive Values'!$P$27+'Offensive Values'!$Q$27)/2,IF(G1="Rays",('Offensive Values'!$P$28+'Offensive Values'!$Q$28)/2,IF(G1="Rangers",('Offensive Values'!$P$29+'Offensive Values'!$Q$29)/2,IF(G1="Blue Jays",('Offensive Values'!$P$30+'Offensive Values'!$Q$30)/2,IF(G1="Nationals",('Offensive Values'!$P$31+'Offensive Values'!$Q$31)/2)))))))))))))))))))))))))))))) -> 1.0139246 | H2: 9 | I2: =IF(I1="Diamondbacks",('Offensive Values'!$P$2+'Offensive Values'!$Q$2)/2,IF(I1="Braves",('Offensive Values'!$P$3+'Offensive Values'!$Q$3)/2,IF(I1="Orioles",('Offensive Values'!$P$4+'Offensive Values'!$Q$4)/2,IF(I1="Red Sox",('Offensive Values'!$P$5+'Offensive Values'!$Q$5)/2,IF(I1="Cubs",('Offensive Values'!$P$6+'Offensive Values'!$Q$6)/2,IF(I1="White Sox",('Offensive Values'!$P$7+'Offensive Values'!$Q$7)/2,IF(I1="Reds",('Offensive Values'!$P$8+'Offensive Values'!$Q$8)/2,IF(I1="Indians",('Offensive Values'!$P$9+'Offensive Values'!$Q$9)/2,IF(I1="Rockies",('Offensive Values'!$P$10+'Offensive Values'!$Q$10)/2,IF(I1="Tigers",('Offensive Values'!$P$11+'Offensive Values'!$Q$11)/2,IF(I1="Astros",('Offensive Values'!$P$12+'Offensive Values'!$Q$12)/2,IF(I1="Royals",('Offensive Values'!$P$13+'Offensive Values'!$Q$13)/2,IF(I1="Angels",('Offensive Values'!$P$14+'Offensive Values'!$Q$14)/2,IF(I1="Dodgers",('Offensive Values'!$P$15+'Offensive Values'!$Q$15)/2,IF(I1="Marlins",('Offensive Values'!$P$16+'Offensive Values'!$Q$16)/2,IF(I1="Brewers",('Offensive Values'!$P$17+'Offensive Values'!$Q$17)/2,IF(I1="Twins",('Offensive Values'!$P$18+'Offensive Values'!$Q$18)/2,IF(I1="Mets",('Offensive Values'!$P$19+'Offensive Values'!$Q$19)/2,IF(I1="Yankees",('Offensive Values'!$P$20+'Offensive Values'!$Q$20)/2,IF(I1="Athletics",('Offensive Values'!$P$21+'Offensive Values'!$Q$21)/2,IF(I1="Phillies",('Offensive Values'!$P$22+'Offensive Values'!$Q$22)/2,IF(I1="Pirates",('Offensive Values'!$P$23+'Offensive Values'!$Q$23)/2,IF(I1="Padres",('Offensive Values'!$P$24+'Offensive Values'!$Q$24)/2,IF(I1="Giants",('Offensive Values'!$P$25+'Offensive Values'!$Q$25)/2,IF(I1="Mariners",('Offensive Values'!$P$26+'Offensive Values'!$Q$26)/2,IF(I1="Cardinals",('Offensive Values'!$P$27+'Offensive Values'!$Q$27)/2,IF(I1="Rays",('Offensive Values'!$P$28+'Offensive Values'!$Q$28)/2,IF(I1="Rangers",('Offensive Values'!$P$29+'Offensive Values'!$Q$29)/2,IF(I1="Blue Jays",('Offensive Values'!$P$30+'Offensive Values'!$Q$30)/2,IF(I1="Nationals",('Offensive Values'!$P$31+'Offensive Values'!$Q$31)/2)))))))))))))))))))))))))))))) -> 1.0157195 | J2: Offensive Value | K2: =IF(K1="Diamondbacks",('Offensive Values'!$P$2+'Offensive Values'!$Q$2)/2,IF(K1="Braves",('Offensive Values'!$P$3+'Offensive Values'!$Q$3)/2,IF(K1="Orioles",('Offensive Values'!$P$4+'Offensive Values'!$Q$4)/2,IF(K1="Red Sox",('Offensive Values'!$P$5+'Offensive Values'!$Q$5)/2,IF(K1="Cubs",('Offensive Values'!$P$6+'Offensive Values'!$Q$6)/2,IF(K1="White Sox",('Offensive Values'!$P$7+'Offensive Values'!$Q$7)/2,IF(K1="Reds",('Offensive Values'!$P$8+'Offensive Values'!$Q$8)/2,IF(K1="Indians",('Offensive Values'!$P$9+'Offensive Values'!$Q$9)/2,IF(K1="Rockies",('Offensive Values'!$P$10+'Offensive Values'!$Q$10)/2,IF(K1="Tigers",('Offensive Values'!$P$11+'Offensive Values'!$Q$11)/2,IF(K1="Astros",('Offensive Values'!$P$12+'Offensive Values'!$Q$12)/2,IF(K1="Royals",('Offensive Values'!$P$13+'Offensive Values'!$Q$13)/2,IF(K1="Angels",('Offensive Values'!$P$14+'Offensive Values'!$Q$14)/2,IF(K1="Dodgers",('Offensive Values'!$P$15+'Offensive Values'!$Q$15)/2,IF(K1="Marlins",('Offensive Values'!$P$16+'Offensive Values'!$Q$16)/2,IF(K1="Brewers",('Offensive Values'!$P$17+'Offensive Values'!$Q$17)/2,IF(K1="Twins",('Offensive Values'!$P$18+'Offensive Values'!$Q$18)/2,IF(K1="Mets",('Offensive Values'!$P$19+'Offensive Values'!$Q$19)/2,IF(K1="Yankees",('Offensive Values'!$P$20+'Offensive Values'!$Q$20)/2,IF(K1="Athletics",('Offensive Values'!$P$21+'Offensive Values'!$Q$21)/2,IF(K1="Phillies",('Offensive Values'!$P$22+'Offensive Values'!$Q$22)/2,IF(K1="Pirates",('Offensive Values'!$P$23+'Offensive Values'!$Q$23)/2,IF(K1="Padres",('Offensive Values'!$P$24+'Offensive Values'!$Q$24)/2,IF(K1="Giants",('Offensive Values'!$P$25+'Offensive Values'!$Q$25)/2,IF(K1="Mariners",('Offensive Values'!$P$26+'Offensive Values'!$Q$26)/2,IF(K1="Cardinals",('Offensive Values'!$P$27+'Offensive Values'!$Q$27)/2,IF(K1="Rays",('Offensive Values'!$P$28+'Offensive Values'!$Q$28)/2,IF(K1="Rangers",('Offensive Values'!$P$29+'Offensive Values'!$Q$29)/2,IF(K1="Blue Jays",('Offensive Values'!$P$30+'Offensive Values'!$Q$30)/2,IF(K1="Nationals",('Offensive Values'!$P$31+'Offensive Values'!$Q$31)/2)))))))))))))))))))))))))))))) -> 0.9794418 | L2: 7 | O2: Red Sox +10 | P2: 105 | Q2: =(0.51*1.05)-(0.49*1) -> 0.0455
A3: =AVERAGE('Starting Pitchers'!B31:E31)*(6/9) -> 2.1416667 | B3: Starting Pitcher | C3: =AVERAGE('Starting Pitchers'!B112:E112)*(6/9) -> 3.4883333 | D3: Exponent | E3: =AVERAGE(4.01,3.32,2.33,3.56)*(6/9) -> 2.2033333 | F3: Starting Pitcher | G3: =AVERAGE(3.5)*(6/9) -> 2.3333333 | H3: Exponent | I3: =AVERAGE('Starting Pitchers'!B106:E106)*(6/9) -> 1.8816667 | J3: Starting Pitcher | K3: =AVERAGE('Starting Pitchers'!B154:E154)*(6/9) -> 1.7233333 | L3: Exponent | M3: League ERA | O3: Marlins +82 | P3: -110 | Q3: =(0.6*0.909)-(0.4*1) -> 0.1454
A4: =IF(A1="Diamondbacks", AVERAGE('Bullpen Values'!$K$5:$N$5)*(3/9), IF(A1="Braves",AVERAGE('Bullpen Values'!$K$6:$N$6)*(3/9),IF(A1="Orioles",AVERAGE('Bullpen Values'!$K$7:$N$7)*(3/9),IF(A1="Red Sox",AVERAGE('Bullpen Values'!$K$8:$N$8)*(3/9),IF(A1="Cubs",AVERAGE('Bullpen Values'!$K$9:$N$9)*(3/9),IF(A1="White Sox",AVERAGE('Bullpen Values'!$K$10:$N$10)*(3/9),IF(A1="Reds",AVERAGE('Bullpen Values'!$K$11:$N$11)*(3/9),IF(A1="Indians",AVERAGE('Bullpen Values'!$K$12:$N$12)*(3/9),IF(A1="Rockies",AVERAGE('Bullpen Values'!$K$13:$N$13)*(3/9),IF(A1="Tigers",AVERAGE('Bullpen Values'!$K$14:$N$14)*(3/9),IF(A1="Astros",AVERAGE('Bullpen Values'!$K$15:$N$15)*(3/9),IF(A1="Royals",AVERAGE('Bullpen Values'!$K$16:$N$16)*(3/9),IF(A1="Angels",AVERAGE('Bullpen Values'!$K$17:$N$17)*(3/9),IF(A1="Dodgers",AVERAGE('Bullpen Values'!$K$18:$N$18)*(3/9),IF(A1="Marlins",AVERAGE('Bullpen Values'!$K$19:$N$19)*(3/9),IF(A1="Brewers",AVERAGE('Bullpen Values'!$K$20:$N$20)*(3/9),IF(A1="Twins",AVERAGE('Bullpen Values'!$K$21:$N$21)*(3/9),IF(A1="Mets",AVERAGE('Bullpen Values'!$K$22:$N$22)*(3/9),IF(A1="Yankees",AVERAGE('Bullpen Values'!$K$23:$N$23)*(3/9),IF(A1="Athletics",AVERAGE('Bullpen Values'!$K$24:$N$24)*(3/9),IF(A1="Phillies",AVERAGE('Bullpen Values'!$K$25:$N$25)*(3/9),IF(A1="Pirates",AVERAGE('Bullpen Values'!$K$26:$N$26)*(3/9),IF(A1="Padres",AVERAGE('Bullpen Values'!$K$27:$N$27)*(3/9),IF(A1="Giants",AVERAGE('Bullpen Values'!$K$28:$N$28)*(3/9),IF(A1="Mariners",AVERAGE('Bullpen Values'!$K$29:$N$29)*(3/9),IF(A1="Cardinals",AVERAGE('Bullpen Values'!$K$30:$N$30)*(3/9),IF(A1="Rays",AVERAGE('Bullpen Values'!$K$31:$N$31)*(3/9),IF(A1="Rangers",AVERAGE('Bullpen Values'!$K$32:$N$32)*(3/9),IF(A1="Blue Jays",AVERAGE('Bullpen Values'!$K$33:$N$33)*(3/9),IF(A1="Nationals",AVERAGE('Bullpen Values'!$K$34:$N$34)*(3/9))))))))))))))))))))))))))))))) -> 1.2244444 | B4: Bullpen Value | C4: =IF(C1="Diamondbacks", AVERAGE('Bullpen Values'!$K$5:$N$5)*(3/9), IF(C1="Braves",AVERAGE('Bullpen Values'!$K$6:$N$6)*(3/9),IF(C1="Orioles",AVERAGE('Bullpen Values'!$K$7:$N$7)*(3/9),IF(C1="Red Sox",AVERAGE('Bullpen Values'!$K$8:$N$8)*(3/9),IF(C1="Cubs",AVERAGE('Bullpen Values'!$K$9:$N$9)*(3/9),IF(C1="White Sox",AVERAGE('Bullpen Values'!$K$10:$N$10)*(3/9),IF(C1="Reds",AVERAGE('Bullpen Values'!$K$11:$N$11)*(3/9),IF(C1="Indians",AVERAGE('Bullpen Values'!$K$12:$N$12)*(3/9),IF(C1="Rockies",AVERAGE('Bullpen Values'!$K$13:$N$13)*(3/9),IF(C1="Tigers",AVERAGE('Bullpen Values'!$K$14:$N$14)*(3/9),IF(C1="Astros",AVERAGE('Bullpen Values'!$K$15:$N$15)*(3/9),IF(C1="Royals",AVERAGE('Bullpen Values'!$K$16:$N$16)*(3/9),IF(C1="Angels",AVERAGE('Bullpen Values'!$K$17:$N$17)*(3/9),IF(C1="Dodgers",AVERAGE('Bullpen Values'!$K$18:$N$18)*(3/9),IF(C1="Marlins",AVERAGE('Bullpen Values'!$K$19:$N$19)*(3/9),IF(C1="Brewers",AVERAGE('Bullpen Values'!$K$20:$N$20)*(3/9),IF(C1="Twins",AVERAGE('Bullpen Values'!$K$21:$N$21)*(3/9),IF(C1="Mets",AVERAGE('Bullpen Values'!$K$22:$N$22)*(3/9),IF(C1="Yankees",AVERAGE('Bullpen Values'!$K$23:$N$23)*(3/9),IF(C1="Athletics",AVERAGE('Bullpen Values'!$K$24:$N$24)*(3/9),IF(C1="Phillies",AVERAGE('Bullpen Values'!$K$25:$N$25)*(3/9),IF(C1="Pirates",AVERAGE('Bullpen Values'!$K$26:$N$26)*(3/9),IF(C1="Padres",AVERAGE('Bullpen Values'!$K$27:$N$27)*(3/9),IF(C1="Giants",AVERAGE('Bullpen Values'!$K$28:$N$28)*(3/9),IF(C1="Mariners",AVERAGE('Bullpen Values'!$K$29:$N$29)*(3/9),IF(C1="Cardinals",AVERAGE('Bullpen Values'!$K$30:$N$30)*(3/9),IF(C1="Rays",AVERAGE('Bullpen Values'!$K$31:$N$31)*(3/9),IF(C1="Rangers",AVERAGE('Bullpen Values'!$K$32:$N$32)*(3/9),IF(C1="Blue Jays",AVERAGE('Bullpen Values'!$K$33:$N$33)*(3/9),IF(C1="Nationals",AVERAGE('Bullpen Values'!$K$34:$N$34)*(3/9))))))))))))))))))))))))))))))) -> 1.35 | D4: =IF(D2=6.5,1.67,IF(D2=7,1.72,IF(D2=7.5,1.76,IF(D2=8,1.8,IF(D2=8.5,1.84,IF(D2=9,1.88,IF(D2=9.5,1.92,IF(D2=10,1.95,IF(D2=10.5,1.98,IF(D2=11,2.01,IF(D2=11.5,2.04,IF(D2=12,2.07,IF(D2=12.5,2.1,IF(D2=13,2.12)))))))))))))) -> 1.8 | E4: =IF(E1="Diamondbacks", AVERAGE('Bullpen Values'!$K$5:$N$5)*(3/9), IF(E1="Braves",AVERAGE('Bullpen Values'!$K$6:$N$6)*(3/9),IF(E1="Orioles",AVERAGE('Bullpen Values'!$K$7:$N$7)*(3/9),IF(E1="Red Sox",AVERAGE('Bullpen Values'!$K$8:$N$8)*(3/9),IF(E1="Cubs",AVERAGE('Bullpen Values'!$K$9:$N$9)*(3/9),IF(E1="White Sox",AVERAGE('Bullpen Values'!$K$10:$N$10)*(3/9),IF(E1="Reds",AVERAGE('Bullpen Values'!$K$11:$N$11)*(3/9),IF(E1="Indians",AVERAGE('Bullpen Values'!$K$12:$N$12)*(3/9),IF(E1="Rockies",AVERAGE('Bullpen Values'!$K$13:$N$13)*(3/9),IF(E1="Tigers",AVERAGE('Bullpen Values'!$K$14:$N$14)*(3/9),IF(E1="Astros",AVERAGE('Bullpen Values'!$K$15:$N$15)*(3/9),IF(E1="Royals",AVERAGE('Bullpen Values'!$K$16:$N$16)*(3/9),IF(E1="Angels",AVERAGE('Bullpen Values'!$K$17:$N$17)*(3/9),IF(E1="Dodgers",AVERAGE('Bullpen Values'!$K$18:$N$18)*(3/9),IF(E1="Marlins",AVERAGE('Bullpen Values'!$K$19:$N$19)*(3/9),IF(E1="Brewers",AVERAGE('Bullpen Values'!$K$20:$N$20)*(3/9),IF(E1="Twins",AVERAGE('Bullpen Values'!$K$21:$N$21)*(3/9),IF(E1="Mets",AVERAGE('Bullpen Values'!$K$22:$N$22)*(3/9),IF(E1="Yankees",AVERAGE('Bullpen Values'!$K$23:$N$23)*(3/9),IF(E1="Athletics",AVERAGE('Bullpen Values'!$K$24:$N$24)*(3/9),IF(E1="Phillies",AVERAGE('Bullpen Values'!$K$25:$N$25)*(3/9),IF(E1="Pirates",AVERAGE('Bullpen Values'!$K$26:$N$26)*(3/9),IF(E1="Padres",AVERAGE('Bullpen Values'!$K$27:$N$27)*(3/9),IF(E1="Giants",AVERAGE('Bullpen Values'!$K$28:$N$28)*(3/9),IF(E1="Mariners",AVERAGE('Bullpen Values'!$K$29:$N$29)*(3/9),IF(E1="Cardinals",AVERAGE('Bullpen Values'!$K$30:$N$30)*(3/9),IF(E1="Rays",AVERAGE('Bullpen Values'!$K$31:$N$31)*(3/9),IF(E1="Rangers",AVERAGE('Bullpen Values'!$K$32:$N$32)*(3/9),IF(E1="Blue Jays",AVERAGE('Bullpen Values'!$K$33:$N$33)*(3/9),IF(E1="Nationals",AVERAGE('Bullpen Values'!$K$34:$N$34)*(3/9))))))))))))))))))))))))))))))) -> 1.2366667 | F4: Bullpen Value | G4: =IF(G1="Diamondbacks", AVERAGE('Bullpen Values'!$K$5:$N$5)*(3/9), IF(G1="Braves",AVERAGE('Bullpen Values'!$K$6:$N$6)*(3/9),IF(G1="Orioles",AVERAGE('Bullpen Values'!$K$7:$N$7)*(3/9),IF(G1="Red Sox",AVERAGE('Bullpen Values'!$K$8:$N$8)*(3/9),IF(G1="Cubs",AVERAGE('Bullpen Values'!$K$9:$N$9)*(3/9),IF(G1="White Sox",AVERAGE('Bullpen Values'!$K$10:$N$10)*(3/9),IF(G1="Reds",AVERAGE('Bullpen Values'!$K$11:$N$11)*(3/9),IF(G1="Indians",AVERAGE('Bullpen Values'!$K$12:$N$12)*(3/9),IF(G1="Rockies",AVERAGE('Bullpen Values'!$K$13:$N$13)*(3/9),IF(G1="Tigers",AVERAGE('Bullpen Values'!$K$14:$N$14)*(3/9),IF(G1="Astros",AVERAGE('Bullpen Values'!$K$15:$N$15)*(3/9),IF(G1="Royals",AVERAGE('Bullpen Values'!$K$16:$N$16)*(3/9),IF(G1="Angels",AVERAGE('Bullpen Values'!$K$17:$N$17)*(3/9),IF(G1="Dodgers",AVERAGE('Bullpen Values'!$K$18:$N$18)*(3/9),IF(G1="Marlins",AVERAGE('Bullpen Values'!$K$19:$N$19)*(3/9),IF(G1="Brewers",AVERAGE('Bullpen Values'!$K$20:$N$20)*(3/9),IF(G1="Twins",AVERAGE('Bullpen Values'!$K$21:$N$21)*(3/9),IF(G1="Mets",AVERAGE('Bullpen Values'!$K$22:$N$22)*(3/9),IF(G1="Yankees",AVERAGE('Bullpen Values'!$K$23:$N$23)*(3/9),IF(G1="Athletics",AVERAGE('Bullpen Values'!$K$24:$N$24)*(3/9),IF(G1="Phillies",AVERAGE('Bullpen Values'!$K$25:$N$25)*(3/9),IF(G1="Pirates",AVERAGE('Bullpen Values'!$K$26:$N$26)*(3/9),IF(G1="Padres",AVERAGE('Bullpen Values'!$K$27:$N$27)*(3/9),IF(G1="Giants",AVERAGE('Bullpen Values'!$K$28:$N$28)*(3/9),IF(G1="Mariners",AVERAGE('Bullpen Values'!$K$29:$N$29)*(3/9),IF(G1="Cardinals",AVERAGE('Bullpen Values'!$K$30:$N$30)*(3/9),IF(G1="Rays",AVERAGE('Bullpen Values'!$K$31:$N$31)*(3/9),IF(G1="Rangers",AVERAGE('Bullpen Values'!$K$32:$N$32)*(3/9),IF(G1="Blue Jays",AVERAGE('Bullpen Values'!$K$33:$N$33)*(3/9),IF(G1="Nationals",AVERAGE('Bullpen Values'!$K$34:$N$34)*(3/9))))))))))))))))))))))))))))))) -> 1.1111111 | H4: =IF(H2=6.5,1.67,IF(H2=7,1.72,IF(H2=7.5,1.76,IF(H2=8,1.8,IF(H2=8.5,1.84,IF(H2=9,1.88,IF(H2=9.5,1.92,IF(H2=10,1.95,IF(H2=10.5,1.98,IF(H2=11,2.01,IF(H2=11.5,2.04,IF(H2=12,2.07,IF(H2=12.5,2.1,IF(H2=13,2.12)))))))))))))) -> 1.88 | I4: =IF(I1="Diamondbacks", AVERAGE('Bullpen Values'!$K$5:$N$5)*(3/9), IF(I1="Braves",AVERAGE('Bullpen Values'!$K$6:$N$6)*(3/9),IF(I1="Orioles",AVERAGE('Bullpen Values'!$K$7:$N$7)*(3/9),IF(I1="Red Sox",AVERAGE('Bullpen Values'!$K$8:$N$8)*(3/9),IF(I1="Cubs",AVERAGE('Bullpen Values'!$K$9:$N$9)*(3/9),IF(I1="White Sox",AVERAGE('Bullpen Values'!$K$10:$N$10)*(3/9),IF(I1="Reds",AVERAGE('Bullpen Values'!$K$11:$N$11)*(3/9),IF(I1="Indians",AVERAGE('Bullpen Values'!$K$12:$N$12)*(3/9),IF(I1="Rockies",AVERAGE('Bullpen Values'!$K$13:$N$13)*(3/9),IF(I1="Tigers",AVERAGE('Bullpen Values'!$K$14:$N$14)*(3/9),IF(I1="Astros",AVERAGE('Bullpen Values'!$K$15:$N$15)*(3/9),IF(I1="Royals",AVERAGE('Bullpen Values'!$K$16:$N$16)*(3/9),IF(I1="Angels",AVERAGE('Bullpen Values'!$K$17:$N$17)*(3/9),IF(I1="Dodgers",AVERAGE('Bullpen Values'!$K$18:$N$18)*(3/9),IF(I1="Marlins",AVERAGE('Bullpen Values'!$K$19:$N$19)*(3/9),IF(I1="Brewers",AVERAGE('Bullpen Values'!$K$20:$N$20)*(3/9),IF(I1="Twins",AVERAGE('Bullpen Values'!$K$21:$N$21)*(3/9),IF(I1="Mets",AVERAGE('Bullpen Values'!$K$22:$N$22)*(3/9),IF(I1="Yankees",AVERAGE('Bullpen Values'!$K$23:$N$23)*(3/9),IF(I1="Athletics",AVERAGE('Bullpen Values'!$K$24:$N$24)*(3/9),IF(I1="Phillies",AVERAGE('Bullpen Values'!$K$25:$N$25)*(3/9),IF(I1="Pirates",AVERAGE('Bullpen Values'!$K$26:$N$26)*(3/9),IF(I1="Padres",AVERAGE('Bullpen Values'!$K$27:$N$27)*(3/9),IF(I1="Giants",AVERAGE('Bullpen Values'!$K$28:$N$28)*(3/9),IF(I1="Mariners",AVERAGE('Bullpen Values'!$K$29:$N$29)*(3/9),IF(I1="Cardinals",AVERAGE('Bullpen Values'!$K$30:$N$30)*(3/9),IF(I1="Rays",AVERAGE('Bullpen Values'!$K$31:$N$31)*(3/9),IF(I1="Rangers",AVERAGE('Bullpen Values'!$K$32:$N$32)*(3/9),IF(I1="Blue Jays",AVERAGE('Bullpen Values'!$K$33:$N$33)*(3/9),IF(I1="Nationals",AVERAGE('Bullpen Values'!$K$34:$N$34)*(3/9))))))))))))))))))))))))))))))) -> 1.3722222 | J4: Bullpen Value | K4: =IF(K1="Diamondbacks", AVERAGE('Bullpen Values'!$K$5:$N$5)*(3/9), IF(K1="Braves",AVERAGE('Bullpen Values'!$K$6:$N$6)*(3/9),IF(K1="Orioles",AVERAGE('Bullpen Values'!$K$7:$N$7)*(3/9),IF(K1="Red Sox",AVERAGE('Bullpen Values'!$K$8:$N$8)*(3/9),IF(K1="Cubs",AVERAGE('Bullpen Values'!$K$9:$N$9)*(3/9),IF(K1="White Sox",AVERAGE('Bullpen Values'!$K$10:$N$10)*(3/9),IF(K1="Reds",AVERAGE('Bullpen Values'!$K$11:$N$11)*(3/9),IF(K1="Indians",AVERAGE('Bullpen Values'!$K$12:$N$12)*(3/9),IF(K1="Rockies",AVERAGE('Bullpen Values'!$K$13:$N$13)*(3/9),IF(K1="Tigers",AVERAGE('Bullpen Values'!$K$14:$N$14)*(3/9),IF(K1="Astros",AVERAGE('Bullpen Values'!$K$15:$N$15)*(3/9),IF(K1="Royals",AVERAGE('Bullpen Values'!$K$16:$N$16)*(3/9),IF(K1="Angels",AVERAGE('Bullpen Values'!$K$17:$N$17)*(3/9),IF(K1="Dodgers",AVERAGE('Bullpen Values'!$K$18:$N$18)*(3/9),IF(K1="Marlins",AVERAGE('Bullpen Values'!$K$19:$N$19)*(3/9),IF(K1="Brewers",AVERAGE('Bullpen Values'!$K$20:$N$20)*(3/9),IF(K1="Twins",AVERAGE('Bullpen Values'!$K$21:$N$21)*(3/9),IF(K1="Mets",AVERAGE('Bullpen Values'!$K$22:$N$22)*(3/9),IF(K1="Yankees",AVERAGE('Bullpen Values'!$K$23:$N$23)*(3/9),IF(K1="Athletics",AVERAGE('Bullpen Values'!$K$24:$N$24)*(3/9),IF(K1="Phillies",AVERAGE('Bullpen Values'!$K$25:$N$25)*(3/9),IF(K1="Pirates",AVERAGE('Bullpen Values'!$K$26:$N$26)*(3/9),IF(K1="Padres",AVERAGE('Bullpen Values'!$K$27:$N$27)*(3/9),IF(K1="Giants",AVERAGE('Bullpen Values'!$K$28:$N$28)*(3/9),IF(K1="Mariners",AVERAGE('Bullpen Values'!$K$29:$N$29)*(3/9),IF(K1="Cardinals",AVERAGE('Bullpen Values'!$K$30:$N$30)*(3/9),IF(K1="Rays",AVERAGE('Bullpen Values'!$K$31:$N$31)*(3/9),IF(K1="Rangers",AVERAGE('Bullpen Values'!$K$32:$N$32)*(3/9),IF(K1="Blue Jays",AVERAGE('Bullpen Values'!$K$33:$N$33)*(3/9),IF(K1="Nationals",AVERAGE('Bullpen Values'!$K$34:$N$34)*(3/9))))))))))))))))))))))))))))))) -> 1.4811111 | L4: =IF(L2=6.5,1.67,IF(L2=7,1.72,IF(L2=7.5,1.76,IF(L2=8,1.8,IF(L2=8.5,1.84,IF(L2=9,1.88,IF(L2=9.5,1.92,IF(L2=10,1.95,IF(L2=10.5,1.98,IF(L2=11,2.01,IF(L2=11.5,2.04,IF(L2=12,2.07,IF(L2=12.5,2.1,IF(L2=13,2.12)))))))))))))) -> 1.72 | M4: 4.05 | O4: Blue Jays +10 | P4: -132 | Q4: =(0.58*0.7)-(0.42*1) -> -0.014
A5: =(A3+A4)/$M$4 -> 0.83113855 | B5: Pitching Value | C5: =(C3+C4)/$M$4 -> 1.1946502 | E5: =(E3+E4)/$M$4 -> 0.84938272 | F5: Pitching Value | G5: =(G3+G4)/$M$4 -> 0.85048011 | I5: =(I3+I4)/$M$4 -> 0.80342936 | J5: Pitching Value | K5: =(K3+K4)/$M$4 -> 0.79122085 | M5: League xR | O5: Tigers +40 | P5: 133 | Q5: =(0.52*1.33)-(0.48*1) -> 0.2116
A6: =A2*C5*M6 -> 4.8533536 | B6: xRuns | C6: =C2*A5*M6 -> 3.3759014 | E6: =E2*G5*M6 -> 3.8735307 | F6: xRuns | G6: =G2*E5*M6 -> 3.7548756 | I6: =I2*K5*M6 -> 3.5039508 | J6: xRuns | K6: =K2*I5*M6 -> 3.4309376 | M6: 4.36 | O6: Diamondbacks +30 | P6: 170 | Q6: =(0.42*1.7)-(0.58*1) -> 0.134
A7: =POWER(A6,D4)/(POWER(A6,D4)+(POWER(C6,D4))) -> 0.6577793 | B7: Win % | C7: =POWER(C6,D4)/(POWER(C6,D4)+(POWER(A6,D4))) -> 0.3422207 | E7: =POWER(E6,H4)/(POWER(E6,H4)+(POWER(G6,H4))) -> 0.51461813 | F7: Win % | G7: =POWER(G6,H4)/(POWER(G6,H4)+(POWER(E6,H4))) -> 0.48538187 | I7: =POWER(I6,L4)/(POWER(I6,L4)+(POWER(K6,L4))) -> 0.50905375 | J7: Win % | K7: =POWER(K6,L4)/(POWER(K6,L4)+(POWER(I6,L4))) -> 0.49094625 | O7: Rockies +10 | P7: 115 | Q7: =(0.49*1.15)-(0.51*1) -> 0.0535
A8: =IF(A7<0.5,100/(A7/1)-100,((A7*100)/(1-(A7/1)))*-1) -> -192.20909 | B8: "True" Odds | C8: =IF(C7<0.5,100/(C7/1)-100,((C7*100)/(1-(C7/1)))*-1) -> 192.20909 | E8: =IF(E7<0.5,100/(E7/1)-100,((E7*100)/(1-(E7/1)))*-1) -> -106.02335 | F8: "True" Odds | G8: =IF(G7<0.5,100/(G7/1)-100,((G7*100)/(1-(G7/1)))*-1) -> 106.02335 | I8: =IF(I7<0.5,100/(I7/1)-100,((I7*100)/(1-(I7/1)))*-1) -> -103.68829 | J8: "True" Odds | K8: =IF(K7<0.5,100/(K7/1)-100,((K7*100)/(1-(K7/1)))*-1) -> 103.68829 | O8: Mariners +15 | P8: 150 | Q8: =(0.41*1.5)-(0.59*1) -> 0.025
A9: Dodgers | B9: Teams | C9: Braves | D9: Game Total | E9: Rays | F9: Teams | G9: Rangers | H9: Game Total | I9: Astros | J9: Teams | K9: Blue Jays | L9: Game Total | O9: Mets +60 | P9: 162 | Q9: =(0.48*1.62)-(0.52*1) -> 0.2576
A10: =IF(A9="Diamondbacks",('Offensive Values'!$P$2+'Offensive Values'!$Q$2)/2,IF(A9="Braves",('Offensive Values'!$P$3+'Offensive Values'!$Q$3)/2,IF(A9="Orioles",('Offensive Values'!$P$4+'Offensive Values'!$Q$4)/2,IF(A9="Red Sox",('Offensive Values'!$P$5+'Offensive Values'!$Q$5)/2,IF(A9="Cubs",('Offensive Values'!$P$6+'Offensive Values'!$Q$6)/2,IF(A9="White Sox",('Offensive Values'!$P$7+'Offensive Values'!$Q$7)/2,IF(A9="Reds",('Offensive Values'!$P$8+'Offensive Values'!$Q$8)/2,IF(A9="Indians",('Offensive Values'!$P$9+'Offensive Values'!$Q$9)/2,IF(A9="Rockies",('Offensive Values'!$P$10+'Offensive Values'!$Q$10)/2,IF(A9="Tigers",('Offensive Values'!$P$11+'Offensive Values'!$Q$11)/2,IF(A9="Astros",('Offensive Values'!$P$12+'Offensive Values'!$Q$12)/2,IF(A9="Royals",('Offensive Values'!$P$13+'Offensive Values'!$Q$13)/2,IF(A9="Angels",('Offensive Values'!$P$14+'Offensive Values'!$Q$14)/2,IF(A9="Dodgers",('Offensive Values'!$P$15+'Offensive Values'!$Q$15)/2,IF(A9="Marlins",('Offensive Values'!$P$16+'Offensive Values'!$Q$16)/2,IF(A9="Brewers",('Offensive Values'!$P$17+'Offensive Values'!$Q$17)/2,IF(A9="Twins",('Offensive Values'!$P$18+'Offensive Values'!$Q$18)/2,IF(A9="Mets",('Offensive Values'!$P$19+'Offensive Values'!$Q$19)/2,IF(A9="Yankees",('Offensive Values'!$P$20+'Offensive Values'!$Q$20)/2,IF(A9="Athletics",('Offensive Values'!$P$21+'Offensive Values'!$Q$21)/2,IF(A9="Phillies",('Offensive Values'!$P$22+'Offensive Values'!$Q$22)/2,IF(A9="Pirates",('Offensive Values'!$P$23+'Offensive Values'!$Q$23)/2,IF(A9="Padres",('Offensive Values'!$P$24+'Offensive Values'!$Q$24)/2,IF(A9="Giants",('Offensive Values'!$P$25+'Offensive Values'!$Q$25)/2,IF(A9="Mariners",('Offensive Values'!$P$26+'Offensive Values'!$Q$26)/2,IF(A9="Cardinals",('Offensive Values'!$P$27+'Offensive Values'!$Q$27)/2,IF(A9="Rays",('Offensive Values'!$P$28+'Offensive Values'!$Q$28)/2,IF(A9="Rangers",('Offensive Values'!$P$29+'Offensive Values'!$Q$29)/2,IF(A9="Blue Jays",('Offensive Values'!$P$30+'Offensive Values'!$Q$30)/2,IF(A9="Nationals",('Offensive Values'!$P$31+'Offensive Values'!$Q$31)/2)))))))))))))))))))))))))))))) -> 1.0573364 | B10: Offensive Value | C10: =IF(C9="Diamondbacks",('Offensive Values'!$P$2+'Offensive Values'!$Q$2)/2,IF(C9="Braves",('Offensive Values'!$P$3+'Offensive Values'!$Q$3)/2,IF(C9="Orioles",('Offensive Values'!$P$4+'Offensive Values'!$Q$4)/2,IF(C9="Red Sox",('Offensive Values'!$P$5+'Offensive Values'!$Q$5)/2,IF(C9="Cubs",('Offensive Values'!$P$6+'Offensive Values'!$Q$6)/2,IF(C9="White Sox",('Offensive Values'!$P$7+'Offensive Values'!$Q$7)/2,IF(C9="Reds",('Offensive Values'!$P$8+'Offensive Values'!$Q$8)/2,IF(C9="Indians",('Offensive Values'!$P$9+'Offensive Values'!$Q$9)/2,IF(C9="Rockies",('Offensive Values'!$P$10+'Offensive Values'!$Q$10)/2,IF(C9="Tigers",('Offensive Values'!$P$11+'Offensive Values'!$Q$11)/2,IF(C9="Astros",('Offensive Values'!$P$12+'Offensive Values'!$Q$12)/2,IF(C9="Royals",('Offensive Values'!$P$13+'Offensive Values'!$Q$13)/2,IF(C9="Angels",('Offensive Values'!$P$14+'Offensive Values'!$Q$14)/2,IF(C9="Dodgers",('Offensive Values'!$P$15+'Offensive Values'!$Q$15)/2,IF(C9="Marlins",('Offensive Values'!$P$16+'Offensive Values'!$Q$16)/2,IF(C9="Brewers",('Offensive Values'!$P$17+'Offensive Values'!$Q$17)/2,IF(C9="Twins",('Offensive Values'!$P$18+'Offensive Values'!$Q$18)/2,IF(C9="Mets",('Offensive Values'!$P$19+'Offensive Values'!$Q$19)/2,IF(C9="Yankees",('Offensive Values'!$P$20+'Offensive Values'!$Q$20)/2,IF(C9="Athletics",('Offensive Values'!$P$21+'Offensive Values'!$Q$21)/2,IF(C9="Phillies",('Offensive Values'!$P$22+'Offensive Values'!$Q$22)/2,IF(C9="Pirates",('Offensive Values'!$P$23+'Offensive Values'!$Q$23)/2,IF(C9="Padres",('Offensive Values'!$P$24+'Offensive Values'!$Q$24)/2,IF(C9="Giants",('Offensive Values'!$P$25+'Offensive Values'!$Q$25)/2,IF(C9="Mariners",('Offensive Values'!$P$26+'Offensive Values'!$Q$26)/2,IF(C9="Cardinals",('Offensive Values'!$P$27+'Offensive Values'!$Q$27)/2,IF(C9="Rays",('Offensive Values'!$P$28+'Offensive Values'!$Q$28)/2,IF(C9="Rangers",('Offensive Values'!$P$29+'Offensive Values'!$Q$29)/2,IF(C9="Blue Jays",('Offensive Values'!$P$30+'Offensive Values'!$Q$30)/2,IF(C9="Nationals",('Offensive Values'!$P$31+'Offensive Values'!$Q$31)/2)))))))))))))))))))))))))))))) -> 1.0554505 | D10: 8.5 | E10: =IF(E9="Diamondbacks",('Offensive Values'!$P$2+'Offensive Values'!$Q$2)/2,IF(E9="Braves",('Offensive Values'!$P$3+'Offensive Values'!$Q$3)/2,IF(E9="Orioles",('Offensive Values'!$P$4+'Offensive Values'!$Q$4)/2,IF(E9="Red Sox",('Offensive Values'!$P$5+'Offensive Values'!$Q$5)/2,IF(E9="Cubs",('Offensive Values'!$P$6+'Offensive Values'!$Q$6)/2,IF(E9="White Sox",('Offensive Values'!$P$7+'Offensive Values'!$Q$7)/2,IF(E9="Reds",('Offensive Values'!$P$8+'Offensive Values'!$Q$8)/2,IF(E9="Indians",('Offensive Values'!$P$9+'Offensive Values'!$Q$9)/2,IF(E9="Rockies",('Offensive Values'!$P$10+'Offensive Values'!$Q$10)/2,IF(E9="Tigers",('Offensive Values'!$P$11+'Offensive Values'!$Q$11)/2,IF(E9="Astros",('Offensive Values'!$P$12+'Offensive Values'!$Q$12)/2,IF(E9="Royals",('Offensive Values'!$P$13+'Offensive Values'!$Q$13)/2,IF(E9="Angels",('Offensive Values'!$P$14+'Offensive Values'!$Q$14)/2,IF(E9="Dodgers",('Offensive Values'!$P$15+'Offensive Values'!$Q$15)/2,IF(E9="Marlins",('Offensive Values'!$P$16+'Offensive Values'!$Q$16)/2,IF(E9="Brewers",('Offensive Values'!$P$17+'Offensive Values'!$Q$17)/2,IF(E9="Twins",('Offensive Values'!$P$18+'Offensive Values'!$Q$18)/2,IF(E9="Mets",('Offensive Values'!$P$19+'Offensive Values'!$Q$19)/2,IF(E9="Yankees",('Offensive Values'!$P$20+'Offensive Values'!$Q$20)/2,IF(E9="Athletics",('Offensive Values'!$P$21+'Offensive Values'!$Q$21)/2,IF(E9="Phillies",('Offensive Values'!$P$22+'Offensive Values'!$Q$22)/2,IF(E9="Pirates",('Offensive Values'!$P$23+'Offensive Values'!$Q$23)/2,IF(E9="Padres",('Offensive Values'!$P$24+'Offensive Values'!$Q$24)/2,IF(E9="Giants",('Offensive Values'!$P$25+'Offensive Values'!$Q$25)/2,IF(E9="Mariners",('Offensive Values'!$P$26+'Offensive Values'!$Q$26)/2,IF(E9="Cardinals",('Offensive Values'!$P$27+'Offensive Values'!$Q$27)/2,IF(E9="Rays",('Offensive Values'!$P$28+'Offensive Values'!$Q$28)/2,IF(E9="Rangers",('Offensive Values'!$P$29+'Offensive Values'!$Q$29)/2,IF(E9="Blue Jays",('Offensive Values'!$P$30+'Offensive Values'!$Q$30)/2,IF(E9="Nationals",('Offensive Values'!$P$31+'Offensive Values'!$Q$31)/2)))))))))))))))))))))))))))))) -> 0.98598443 | F10: Offensive Value | G10: =IF(G9="Diamondbacks",('Offensive Values'!$P$2+'Offensive Values'!$Q$2)/2,IF(G9="Braves",('Offensive Values'!$P$3+'Offensive Values'!$Q$3)/2,IF(G9="Orioles",('Offensive Values'!$P$4+'Offensive Values'!$Q$4)/2,IF(G9="Red Sox",('Offensive Values'!$P$5+'Offensive Values'!$Q$5)/2,IF(G9="Cubs",('Offensive Values'!$P$6+'Offensive Values'!$Q$6)/2,IF(G9="White Sox",('Offensive Values'!$P$7+'Offensive Values'!$Q$7)/2,IF(G9="Reds",('Offensive Values'!$P$8+'Offensive Values'!$Q$8)/2,IF(G9="Indians",('Offensive Values'!$P$9+'Offensive Values'!$Q$9)/2,IF(G9="Rockies",('Offensive Values'!$P$10+'Offensive Values'!$Q$10)/2,IF(G9="Tigers",('Offensive Values'!$P$11+'Offensive Values'!$Q$11)/2,IF(G9="Astros",('Offensive Values'!$P$12+'Offensive Values'!$Q$12)/2,IF(G9="Royals",('Offensive Values'!$P$13+'Offensive Values'!$Q$13)/2,IF(G9="Angels",('Offensive Values'!$P$14+'Offensive Values'!$Q$14)/2,IF(G9="Dodgers",('Offensive Values'!$P$15+'Offensive Values'!$Q$15)/2,IF(G9="Marlins",('Offensive Values'!$P$16+'Offensive Values'!$Q$16)/2,IF(G9="Brewers",('Offensive Values'!$P$17+'Offensive Values'!$Q$17)/2,IF(G9="Twins",('Offensive Values'!$P$18+'Offensive Values'!$Q$18)/2,IF(G9="Mets",('Offensive Values'!$P$19+'Offensive Values'!$Q$19)/2,IF(G9="Yankees",('Offensive Values'!$P$20+'Offensive Values'!$Q$20)/2,IF(G9="Athletics",('Offensive Values'!$P$21+'Offensive Values'!$Q$21)/2,IF(G9="Phillies",('Offensive Values'!$P$22+'Offensive Values'!$Q$22)/2,IF(G9="Pirates",('Offensive Values'!$P$23+'Offensive Values'!$Q$23)/2,IF(G9="Padres",('Offensive Values'!$P$24+'Offensive Values'!$Q$24)/2,IF(G9="Giants",('Offensive Values'!$P$25+'Offensive Values'!$Q$25)/2,IF(G9="Mariners",('Offensive Values'!$P$26+'Offensive Values'!$Q$26)/2,IF(G9="Cardinals",('Offensive Values'!$P$27+'Offensive Values'!$Q$27)/2,IF(G9="Rays",('Offensive Values'!$P$28+'Offensive Values'!$Q$28)/2,IF(G9="Rangers",('Offensive Values'!$P$29+'Offensive Values'!$Q$29)/2,IF(G9="Blue Jays",('Offensive Values'!$P$30+'Offensive Values'!$Q$30)/2,IF(G9="Nationals",('Offensive Values'!$P$31+'Offensive Values'!$Q$31)/2)))))))))))))))))))))))))))))) -> 0.96488017 | H10: 8 | I10: =IF(I9="Diamondbacks",('Offensive Values'!$P$2+'Offensive Values'!$Q$2)/2,IF(I9="Braves",('Offensive Values'!$P$3+'Offensive Values'!$Q$3)/2,IF(I9="Orioles",('Offensive Values'!$P$4+'Offensive Values'!$Q$4)/2,IF(I9="Red Sox",('Offensive Values'!$P$5+'Offensive Values'!$Q$5)/2,IF(I9="Cubs",('Offensive Values'!$P$6+'Offensive Values'!$Q$6)/2,IF(I9="White Sox",('Offensive Values'!$P$7+'Offensive Values'!$Q$7)/2,IF(I9="Reds",('Offensive Values'!$P$8+'Offensive Values'!$Q$8)/2,IF(I9="Indians",('Offensive Values'!$P$9+'Offensive Values'!$Q$9)/2,IF(I9="Rockies",('Offensive Values'!$P$10+'Offensive Values'!$Q$10)/2,IF(I9="Tigers",('Offensive Values'!$P$11+'Offensive Values'!$Q$11)/2,IF(I9="Astros",('Offensive Values'!$P$12+'Offensive Values'!$Q$12)/2,IF(I9="Royals",('Offensive Values'!$P$13+'Offensive Values'!$Q$13)/2,IF(I9="Angels",('Offensive Values'!$P$14+'Offensive Values'!$Q$14)/2,IF(I9="Dodgers",('Offensive Values'!$P$15+'Offensive Values'!$Q$15)/2,IF(I9="Marlins",('Offensive Values'!$P$16+'Offensive Values'!$Q$16)/2,IF(I9="Brewers",('Offensive Values'!$P$17+'Offensive Values'!$Q$17)/2,IF(I9="Twins",('Offensive Values'!$P$18+'Offensive Values'!$Q$18)/2,IF(I9="Mets",('Offensive Values'!$P$19+'Offensive Values'!$Q$19)/2,IF(I9="Yankees",('Offensive Values'!$P$20+'Offensive Values'!$Q$20)/2,IF(I9="Athletics",('Offensive Values'!$P$21+'Offensive Values'!$Q$21)/2,IF(I9="Phillies",('Offensive Values'!$P$22+'Offensive Values'!$Q$22)/2,IF(I9="Pirates",('Offensive Values'!$P$23+'Offensive Values'!$Q$23)/2,IF(I9="Padres",('Offensive Values'!$P$24+'Offensive Values'!$Q$24)/2,IF(I9="Giants",('Offensive Values'!$P$25+'Offensive Values'!$Q$25)/2,IF(I9="Mariners",('Offensive Values'!$P$26+'Offensive Values'!$Q$26)/2,IF(I9="Cardinals",('Offensive Values'!$P$27+'Offensive Values'!$Q$27)/2,IF(I9="Rays",('Offensive Values'!$P$28+'Offensive Values'!$Q$28)/2,IF(I9="Rangers",('Offensive Values'!$P$29+'Offensive Values'!$Q$29)/2,IF(I9="Blue Jays",('Offensive Values'!$P$30+'Offensive Values'!$Q$30)/2,IF(I9="Nationals",('Offensive Values'!$P$31+'Offensive Values'!$Q$31)/2)))))))))))))))))))))))))))))) -> 1.0683082 | J10: Offensive Value | K10: =IF(K9="Diamondbacks",('Offensive Values'!$P$2+'Offensive Values'!$Q$2)/2,IF(K9="Braves",('Offensive Values'!$P$3+'Offensive Values'!$Q$3)/2,IF(K9="Orioles",('Offensive Values'!$P$4+'Offensive Values'!$Q$4)/2,IF(K9="Red Sox",('Offensive Values'!$P$5+'Offensive Values'!$Q$5)/2,IF(K9="Cubs",('Offensive Values'!$P$6+'Offensive Values'!$Q$6)/2,IF(K9="White Sox",('Offensive Values'!$P$7+'Offensive Values'!$Q$7)/2,IF(K9="Reds",('Offensive Values'!$P$8+'Offensive Values'!$Q$8)/2,IF(K9="Indians",('Offensive Values'!$P$9+'Offensive Values'!$Q$9)/2,IF(K9="Rockies",('Offensive Values'!$P$10+'Offensive Values'!$Q$10)/2,IF(K9="Tigers",('Offensive Values'!$P$11+'Offensive Values'!$Q$11)/2,IF(K9="Astros",('Offensive Values'!$P$12+'Offensive Values'!$Q$12)/2,IF(K9="Royals",('Offensive Values'!$P$13+'Offensive Values'!$Q$13)/2,IF(K9="Angels",('Offensive Values'!$P$14+'Offensive Values'!$Q$14)/2,IF(K9="Dodgers",('Offensive Values'!$P$15+'Offensive Values'!$Q$15)/2,IF(K9="Marlins",('Offensive Values'!$P$16+'Offensive Values'!$Q$16)/2,IF(K9="Brewers",('Offensive Values'!$P$17+'Offensive Values'!$Q$17)/2,IF(K9="Twins",('Offensive Values'!$P$18+'Offensive Values'!$Q$18)/2,IF(K9="Mets",('Offensive Values'!$P$19+'Offensive Values'!$Q$19)/2,IF(K9="Yankees",('Offensive Values'!$P$20+'Offensive Values'!$Q$20)/2,IF(K9="Athletics",('Offensive Values'!$P$21+'Offensive Values'!$Q$21)/2,IF(K9="Phillies",('Offensive Values'!$P$22+'Offensive Values'!$Q$22)/2,IF(K9="Pirates",('Offensive Values'!$P$23+'Offensive Values'!$Q$23)/2,IF(K9="Padres",('Offensive Values'!$P$24+'Offensive Values'!$Q$24)/2,IF(K9="Giants",('Offensive Values'!$P$25+'Offensive Values'!$Q$25)/2,IF(K9="Mariners",('Offensive Values'!$P$26+'Offensive Values'!$Q$26)/2,IF(K9="Cardinals",('Offensive Values'!$P$27+'Offensive Values'!$Q$27)/2,IF(K9="Rays",('Offensive Values'!$P$28+'Offensive Values'!$Q$28)/2,IF(K9="Rangers",('Offensive Values'!$P$29+'Offensive Values'!$Q$29)/2,IF(K9="Blue Jays",('Offensive Values'!$P$30+'Offensive Values'!$Q$30)/2,IF(K9="Nationals",('Offensive Values'!$P$31+'Offensive Values'!$Q$31)/2)))))))))))))))))))))))))))))) -> 1.0512034 | L10: 8.5
A11: =AVERAGE('Starting Pitchers'!B82:E82)*(6/9) -> 2.19 | B11: Starting Pitcher | C11: =AVERAGE('Starting Pitchers'!B56:E56)*(6/9) -> 2.415 | D11: Exponent | E11: =AVERAGE('Starting Pitchers'!B80:E80)*(6/9) -> 2.0555556 | F11: Starting Pitcher | G11: =AVERAGE('Starting Pitchers'!B89:E89)*(6/9) -> 2.115 | H11: Exponent | I11: =AVERAGE('Starting Pitchers'!B153:E153)*(6/9) -> 2.5116667 | J11: Starting Pitcher | K11: =AVERAGE('Starting Pitchers'!B55:E55)*(6/9) -> 1.98 | L11: Exponent
A12: =IF(A9="Diamondbacks", AVERAGE('Bullpen Values'!$K$5:$N$5)*(3/9), IF(A9="Braves",AVERAGE('Bullpen Values'!$K$6:$N$6)*(3/9),IF(A9="Orioles",AVERAGE('Bullpen Values'!$K$7:$N$7)*(3/9),IF(A9="Red Sox",AVERAGE('Bullpen Values'!$K$8:$N$8)*(3/9),IF(A9="Cubs",AVERAGE('Bullpen Values'!$K$9:$N$9)*(3/9),IF(A9="White Sox",AVERAGE('Bullpen Values'!$K$10:$N$10)*(3/9),IF(A9="Reds",AVERAGE('Bullpen Values'!$K$11:$N$11)*(3/9),IF(A9="Indians",AVERAGE('Bullpen Values'!$K$12:$N$12)*(3/9),IF(A9="Rockies",AVERAGE('Bullpen Values'!$K$13:$N$13)*(3/9),IF(A9="Tigers",AVERAGE('Bullpen Values'!$K$14:$N$14)*(3/9),IF(A9="Astros",AVERAGE('Bullpen Values'!$K$15:$N$15)*(3/9),IF(A9="Royals",AVERAGE('Bullpen Values'!$K$16:$N$16)*(3/9),IF(A9="Angels",AVERAGE('Bullpen Values'!$K$17:$N$17)*(3/9),IF(A9="Dodgers",AVERAGE('Bullpen Values'!$K$18:$N$18)*(3/9),IF(A9="Marlins",AVERAGE('Bullpen Values'!$K$19:$N$19)*(3/9),IF(A9="Brewers",AVERAGE('Bullpen Values'!$K$20:$N$20)*(3/9),IF(A9="Twins",AVERAGE('Bullpen Values'!$K$21:$N$21)*(3/9),IF(A9="Mets",AVERAGE('Bullpen Values'!$K$22:$N$22)*(3/9),IF(A9="Yankees",AVERAGE('Bullpen Values'!$K$23:$N$23)*(3/9),IF(A9="Athletics",AVERAGE('Bullpen Values'!$K$24:$N$24)*(3/9),IF(A9="Phillies",AVERAGE('Bullpen Values'!$K$25:$N$25)*(3/9),IF(A9="Pirates",AVERAGE('Bullpen Values'!$K$26:$N$26)*(3/9),IF(A9="Padres",AVERAGE('Bullpen Values'!$K$27:$N$27)*(3/9),IF(A9="Giants",AVERAGE('Bullpen Values'!$K$28:$N$28)*(3/9),IF(A9="Mariners",AVERAGE('Bullpen Values'!$K$29:$N$29)*(3/9),IF(A9="Cardinals",AVERAGE('Bullpen Values'!$K$30:$N$30)*(3/9),IF(A9="Rays",AVERAGE('Bullpen Values'!$K$31:$N$31)*(3/9),IF(A9="Rangers",AVERAGE('Bullpen Values'!$K$32:$N$32)*(3/9),IF(A9="Blue Jays",AVERAGE('Bullpen Values'!$K$33:$N$33)*(3/9),IF(A9="Nationals",AVERAGE('Bullpen Values'!$K$34:$N$34)*(3/9))))))))))))))))))))))))))))))) -> 1.3 | B12: Bullpen Value | C12: =IF(C9="Diamondbacks", AVERAGE('Bullpen Values'!$K$5:$N$5)*(3/9), IF(C9="Braves",AVERAGE('Bullpen Values'!$K$6:$N$6)*(3/9),IF(C9="Orioles",AVERAGE('Bullpen Values'!$K$7:$N$7)*(3/9),IF(C9="Red Sox",AVERAGE('Bullpen Values'!$K$8:$N$8)*(3/9),IF(C9="Cubs",AVERAGE('Bullpen Values'!$K$9:$N$9)*(3/9),IF(C9="White Sox",AVERAGE('Bullpen Values'!$K$10:$N$10)*(3/9),IF(C9="Reds",AVERAGE('Bullpen Values'!$K$11:$N$11)*(3/9),IF(C9="Indians",AVERAGE('Bullpen Values'!$K$12:$N$12)*(3/9),IF(C9="Rockies",AVERAGE('Bullpen Values'!$K$13:$N$13)*(3/9),IF(C9="Tigers",AVERAGE('Bullpen Values'!$K$14:$N$14)*(3/9),IF(C9="Astros",AVERAGE('Bullpen Values'!$K$15:$N$15)*(3/9),IF(C9="Royals",AVERAGE('Bullpen Values'!$K$16:$N$16)*(3/9),IF(C9="Angels",AVERAGE('Bullpen Values'!$K$17:$N$17)*(3/9),IF(C9="Dodgers",AVERAGE('Bullpen Values'!$K$18:$N$18)*(3/9),IF(C9="Marlins",AVERAGE('Bullpen Values'!$K$19:$N$19)*(3/9),IF(C9="Brewers",AVERAGE('Bullpen Values'!$K$20:$N$20)*(3/9),IF(C9="Twins",AVERAGE('Bullpen Values'!$K$21:$N$21)*(3/9),IF(C9="Mets",AVERAGE('Bullpen Values'!$K$22:$N$22)*(3/9),IF(C9="Yankees",AVERAGE('Bullpen Values'!$K$23:$N$23)*(3/9),IF(C9="Athletics",AVERAGE('Bullpen Values'!$K$24:$N$24)*(3/9),IF(C9="Phillies",AVERAGE('Bullpen Values'!$K$25:$N$25)*(3/9),IF(C9="Pirates",AVERAGE('Bullpen Values'!$K$26:$N$26)*(3/9),IF(C9="Padres",AVERAGE('Bullpen Values'!$K$27:$N$27)*(3/9),IF(C9="Giants",AVERAGE('Bullpen Values'!$K$28:$N$28)*(3/9),IF(C9="Mariners",AVERAGE('Bullpen Values'!$K$29:$N$29)*(3/9),IF(C9="Cardinals",AVERAGE('Bullpen Values'!$K$30:$N$30)*(3/9),IF(C9="Rays",AVERAGE('Bullpen Values'!$K$31:$N$31)*(3/9),IF(C9="Rangers",AVERAGE('Bullpen Values'!$K$32:$N$32)*(3/9),IF(C9="Blue Jays",AVERAGE('Bullpen Values'!$K$33:$N$33)*(3/9),IF(C9="Nationals",AVERAGE('Bullpen Values'!$K$34:$N$34)*(3/9))))))))))))))))))))))))))))))) -> 1.5044444 | D12: =IF(D10=6.5,1.67,IF(D10=7,1.72,IF(D10=7.5,1.76,IF(D10=8,1.8,IF(D10=8.5,1.84,IF(D10=9,1.88,IF(D10=9.5,1.92,IF(D10=10,1.95,IF(D10=10.5,1.98,IF(D10=11,2.01,IF(D10=11.5,2.04,IF(D10=12,2.07,IF(D10=12.5,2.1,IF(D10=13,2.12)))))))))))))) -> 1.84 | E12: =IF(E9="Diamondbacks", AVERAGE('Bullpen Values'!$K$5:$N$5)*(3/9), IF(E9="Braves",AVERAGE('Bullpen Values'!$K$6:$N$6)*(3/9),IF(E9="Orioles",AVERAGE('Bullpen Values'!$K$7:$N$7)*(3/9),IF(E9="Red Sox",AVERAGE('Bullpen Values'!$K$8:$N$8)*(3/9),IF(E9="Cubs",AVERAGE('Bullpen Values'!$K$9:$N$9)*(3/9),IF(E9="White Sox",AVERAGE('Bullpen Values'!$K$10:$N$10)*(3/9),IF(E9="Reds",AVERAGE('Bullpen Values'!$K$11:$N$11)*(3/9),IF(E9="Indians",AVERAGE('Bullpen Values'!$K$12:$N$12)*(3/9),IF(E9="Rockies",AVERAGE('Bullpen Values'!$K$13:$N$13)*(3/9),IF(E9="Tigers",AVERAGE('Bullpen Values'!$K$14:$N$14)*(3/9),IF(E9="Astros",AVERAGE('Bullpen Values'!$K$15:$N$15)*(3/9),IF(E9="Royals",AVERAGE('Bullpen Values'!$K$16:$N$16)*(3/9),IF(E9="Angels",AVERAGE('Bullpen Values'!$K$17:$N$17)*(3/9),IF(E9="Dodgers",AVERAGE('Bullpen Values'!$K$18:$N$18)*(3/9),IF(E9="Marlins",AVERAGE('Bullpen Values'!$K$19:$N$19)*(3/9),IF(E9="Brewers",AVERAGE('Bullpen Values'!$K$20:$N$20)*(3/9),IF(E9="Twins",AVERAGE('Bullpen Values'!$K$21:$N$21)*(3/9),IF(E9="Mets",AVERAGE('Bullpen Values'!$K$22:$N$22)*(3/9),IF(E9="Yankees",AVERAGE('Bullpen Values'!$K$23:$N$23)*(3/9),IF(E9="Athletics",AVERAGE('Bullpen Values'!$K$24:$N$24)*(3/9),IF(E9="Phillies",AVERAGE('Bullpen Values'!$K$25:$N$25)*(3/9),IF(E9="Pirates",AVERAGE('Bullpen Values'!$K$26:$N$26)*(3/9),IF(E9="Padres",AVERAGE('Bullpen Values'!$K$27:$N$27)*(3/9),IF(E9="Giants",AVERAGE('Bullpen Values'!$K$28:$N$28)*(3/9),IF(E9="Mariners",AVERAGE('Bullpen Values'!$K$29:$N$29)*(3/9),IF(E9="Cardinals",AVERAGE('Bullpen Values'!$K$30:$N$30)*(3/9),IF(E9="Rays",AVERAGE('Bullpen Values'!$K$31:$N$31)*(3/9),IF(E9="Rangers",AVERAGE('Bullpen Values'!$K$32:$N$32)*(3/9),IF(E9="Blue Jays",AVERAGE('Bullpen Values'!$K$33:$N$33)*(3/9),IF(E9="Nationals",AVERAGE('Bullpen Values'!$K$34:$N$34)*(3/9))))))))))))))))))))))))))))))) -> 1.2611111 | F12: Bullpen Value | G12: =IF(G9="Diamondbacks", AVERAGE('Bullpen Values'!$K$5:$N$5)*(3/9), IF(G9="Braves",AVERAGE('Bullpen Values'!$K$6:$N$6)*(3/9),IF(G9="Orioles",AVERAGE('Bullpen Values'!$K$7:$N$7)*(3/9),IF(G9="Red Sox",AVERAGE('Bullpen Values'!$K$8:$N$8)*(3/9),IF(G9="Cubs",AVERAGE('Bullpen Values'!$K$9:$N$9)*(3/9),IF(G9="White Sox",AVERAGE('Bullpen Values'!$K$10:$N$10)*(3/9),IF(G9="Reds",AVERAGE('Bullpen Values'!$K$11:$N$11)*(3/9),IF(G9="Indians",AVERAGE('Bullpen Values'!$K$12:$N$12)*(3/9),IF(G9="Rockies",AVERAGE('Bullpen Values'!$K$13:$N$13)*(3/9),IF(G9="Tigers",AVERAGE('Bullpen Values'!$K$14:$N$14)*(3/9),IF(G9="Astros",AVERAGE('Bullpen Values'!$K$15:$N$15)*(3/9),IF(G9="Royals",AVERAGE('Bullpen Values'!$K$16:$N$16)*(3/9),IF(G9="Angels",AVERAGE('Bullpen Values'!$K$17:$N$17)*(3/9),IF(G9="Dodgers",AVERAGE('Bullpen Values'!$K$18:$N$18)*(3/9),IF(G9="Marlins",AVERAGE('Bullpen Values'!$K$19:$N$19)*(3/9),IF(G9="Brewers",AVERAGE('Bullpen Values'!$K$20:$N$20)*(3/9),IF(G9="Twins",AVERAGE('Bullpen Values'!$K$21:$N$21)*(3/9),IF(G9="Mets",AVERAGE('Bullpen Values'!$K$22:$N$22)*(3/9),IF(G9="Yankees",AVERAGE('Bullpen Values'!$K$23:$N$23)*(3/9),IF(G9="Athletics",AVERAGE('Bullpen Values'!$K$24:$N$24)*(3/9),IF(G9="Phillies",AVERAGE('Bullpen Values'!$K$25:$N$25)*(3/9),IF(G9="Pirates",AVERAGE('Bullpen Values'!$K$26:$N$26)*(3/9),IF(G9="Padres",AVERAGE('Bullpen Values'!$K$27:$N$27)*(3/9),IF(G9="Giants",AVERAGE('Bullpen Values'!$K$28:$N$28)*(3/9),IF(G9="Mariners",AVERAGE('Bullpen Values'!$K$29:$N$29)*(3/9),IF(G9="Cardinals",AVERAGE('Bullpen Values'!$K$30:$N$30)*(3/9),IF(G9="Rays",AVERAGE('Bullpen Values'!$K$31:$N$31)*(3/9),IF(G9="Rangers",AVERAGE('Bullpen Values'!$K$32:$N$32)*(3/9),IF(G9="Blue Jays",AVERAGE('Bullpen Values'!$K$33:$N$33)*(3/9),IF(G9="Nationals",AVERAGE('Bullpen Values'!$K$34:$N$34)*(3/9))))))))))))))))))))))))))))))) -> 1.3033333 | H12: =IF(H10=6.5,1.67,IF(H10=7,1.72,IF(H10=7.5,1.76,IF(H10=8,1.8,IF(H10=8.5,1.84,IF(H10=9,1.88,IF(H10=9.5,1.92,IF(H10=10,1.95,IF(H10=10.5,1.98,IF(H10=11,2.01,IF(H10=11.5,2.04,IF(H10=12,2.07,IF(H10=12.5,2.1,IF(H10=13,2.12)))))))))))))) -> 1.8 | I12: =IF(I9="Diamondbacks", AVERAGE('Bullpen Values'!$K$5:$N$5)*(3/9), IF(I9="Braves",AVERAGE('Bullpen Values'!$K$6:$N$6)*(3/9),IF(I9="Orioles",AVERAGE('Bullpen Values'!$K$7:$N$7)*(3/9),IF(I9="Red Sox",AVERAGE('Bullpen Values'!$K$8:$N$8)*(3/9),IF(I9="Cubs",AVERAGE('Bullpen Values'!$K$9:$N$9)*(3/9),IF(I9="White Sox",AVERAGE('Bullpen Values'!$K$10:$N$10)*(3/9),IF(I9="Reds",AVERAGE('Bullpen Values'!$K$11:$N$11)*(3/9),IF(I9="Indians",AVERAGE('Bullpen Values'!$K$12:$N$12)*(3/9),IF(I9="Rockies",AVERAGE('Bullpen Values'!$K$13:$N$13)*(3/9),IF(I9="Tigers",AVERAGE('Bullpen Values'!$K$14:$N$14)*(3/9),IF(I9="Astros",AVERAGE('Bullpen Values'!$K$15:$N$15)*(3/9),IF(I9="Royals",AVERAGE('Bullpen Values'!$K$16:$N$16)*(3/9),IF(I9="Angels",AVERAGE('Bullpen Values'!$K$17:$N$17)*(3/9),IF(I9="Dodgers",AVERAGE('Bullpen Values'!$K$18:$N$18)*(3/9),IF(I9="Marlins",AVERAGE('Bullpen Values'!$K$19:$N$19)*(3/9),IF(I9="Brewers",AVERAGE('Bullpen Values'!$K$20:$N$20)*(3/9),IF(I9="Twins",AVERAGE('Bullpen Values'!$K$21:$N$21)*(3/9),IF(I9="Mets",AVERAGE('Bullpen Values'!$K$22:$N$22)*(3/9),IF(I9="Yankees",AVERAGE('Bullpen Values'!$K$23:$N$23)*(3/9),IF(I9="Athletics",AVERAGE('Bullpen Values'!$K$24:$N$24)*(3/9),IF(I9="Phillies",AVERAGE('Bullpen Values'!$K$25:$N$25)*(3/9),IF(I9="Pirates",AVERAGE('Bullpen Values'!$K$26:$N$26)*(3/9),IF(I9="Padres",AVERAGE('Bullpen Values'!$K$27:$N$27)*(3/9),IF(I9="Giants",AVERAGE('Bullpen Values'!$K$28:$N$28)*(3/9),IF(I9="Mariners",AVERAGE('Bullpen Values'!$K$29:$N$29)*(3/9),IF(I9="Cardinals",AVERAGE('Bullpen Values'!$K$30:$N$30)*(3/9),IF(I9="Rays",AVERAGE('Bullpen Values'!$K$31:$N$31)*(3/9),IF(I9="Rangers",AVERAGE('Bullpen Values'!$K$32:$N$32)*(3/9),IF(I9="Blue Jays",AVERAGE('Bullpen Values'!$K$33:$N$33)*(3/9),IF(I9="Nationals",AVERAGE('Bullpen Values'!$K$34:$N$34)*(3/9))))))))))))))))))))))))))))))) -> 1.5 | J12: Bullpen Value | K12: =IF(K9="Diamondbacks", AVERAGE('Bullpen Values'!$K$5:$N$5)*(3/9), IF(K9="Braves",AVERAGE('Bullpen Values'!$K$6:$N$6)*(3/9),IF(K9="Orioles",AVERAGE('Bullpen Values'!$K$7:$N$7)*(3/9),IF(K9="Red Sox",AVERAGE('Bullpen Values'!$K$8:$N$8)*(3/9),IF(K9="Cubs",AVERAGE('Bullpen Values'!$K$9:$N$9)*(3/9),IF(K9="White Sox",AVERAGE('Bullpen Values'!$K$10:$N$10)*(3/9),IF(K9="Reds",AVERAGE('Bullpen Values'!$K$11:$N$11)*(3/9),IF(K9="Indians",AVERAGE('Bullpen Values'!$K$12:$N$12)*(3/9),IF(K9="Rockies",AVERAGE('Bullpen Values'!$K$13:$N$13)*(3/9),IF(K9="Tigers",AVERAGE('Bullpen Values'!$K$14:$N$14)*(3/9),IF(K9="Astros",AVERAGE('Bullpen Values'!$K$15:$N$15)*(3/9),IF(K9="Royals",AVERAGE('Bullpen Values'!$K$16:$N$16)*(3/9),IF(K9="Angels",AVERAGE('Bullpen Values'!$K$17:$N$17)*(3/9),IF(K9="Dodgers",AVERAGE('Bullpen Values'!$K$18:$N$18)*(3/9),IF(K9="Marlins",AVERAGE('Bullpen Values'!$K$19:$N$19)*(3/9),IF(K9="Brewers",AVERAGE('Bullpen Values'!$K$20:$N$20)*(3/9),IF(K9="Twins",AVERAGE('Bullpen Values'!$K$21:$N$21)*(3/9),IF(K9="Mets",AVERAGE('Bullpen Values'!$K$22:$N$22)*(3/9),IF(K9="Yankees",AVERAGE('Bullpen Values'!$K$23:$N$23)*(3/9),IF(K9="Athletics",AVERAGE('Bullpen Values'!$K$24:$N$24)*(3/9),IF(K9="Phillies",AVERAGE('Bullpen Values'!$K$25:$N$25)*(3/9),IF(K9="Pirates",AVERAGE('Bullpen Values'!$K$26:$N$26)*(3/9),IF(K9="Padres",AVERAGE('Bullpen Values'!$K$27:$N$27)*(3/9),IF(K9="Giants",AVERAGE('Bullpen Values'!$K$28:$N$28)*(3/9),IF(K9="Mariners",AVERAGE('Bullpen Values'!$K$29:$N$29)*(3/9),IF(K9="Cardinals",AVERAGE('Bullpen Values'!$K$30:$N$30)*(3/9),IF(K9="Rays",AVERAGE('Bullpen Values'!$K$31:$N$31)*(3/9),IF(K9="Rangers",AVERAGE('Bullpen Values'!$K$32:$N$32)*(3/9),IF(K9="Blue Jays",AVERAGE('Bullpen Values'!$K$33:$N$33)*(3/9),IF(K9="Nationals",AVERAGE('Bullpen Values'!$K$34:$N$34)*(3/9))))))))))))))))))))))))))))))) -> 1.3011111 | L12: =IF(L10=6.5,1.67,IF(L10=7,1.72,IF(L10=7.5,1.76,IF(L10=8,1.8,IF(L10=8.5,1.84,IF(L10=9,1.88,IF(L10=9.5,1.92,IF(L10=10,1.95,IF(L10=10.5,1.98,IF(L10=11,2.01,IF(L10=11.5,2.04,IF(L10=12,2.07,IF(L10=12.5,2.1,IF(L10=13,2.12)))))))))))))) -> 1.84
A13: =(A11+A12)/$M$4 -> 0.8617284 | B13: Pitching Value | C13: =(C11+C12)/$M$4 -> 0.96776406 | E13: =(E11+E12)/$M$4 -> 0.81893004 | F13: Pitching Value | G13: =(G11+G12)/$M$4 -> 0.84403292 | I13: =(I11+I12)/$M$4 -> 0.99053498 | J13: Pitching Value | K13: =(K11+K12)/$M$4 -> 0.81015089
A14: =A10*C13*$M$6 -> 4.4613796 | B14: xRuns | C14: =C10*A13*$M$6 -> 3.9654709 | E14: =E10*G13*$M$6 -> 3.6284065 | F14: xRuns | G14: =G10*E13*$M$6 -> 3.4451384 | I14: =I10*K13*$M$6 -> 3.7735401 | J14: xRuns | K14: =K10*I13*$M$6 -> 4.5398661
A15: =POWER(A14,D12)/(POWER(A14,D12)+(POWER(C14,D12))) -> 0.55399204 | B15: Win % | C15: =POWER(C14,D12)/(POWER(C14,D12)+(POWER(A14,D12))) -> 0.44600796 | E15: =POWER(E14,H12)/(POWER(E14,H12)+(POWER(G14,H12))) -> 0.52330637 | F15: Win % | G15: =POWER(G14,H12)/(POWER(G14,H12)+(POWER(E14,H12))) -> 0.47669363 | I15: =POWER(I14,L12)/(POWER(I14,L12)+(POWER(K14,L12))) -> 0.41576419 | J15: Win % | K15: =POWER(K14,L12)/(POWER(K14,L12)+(POWER(I14,L12))) -> 0.58423581
A16: =IF(A15<0.5,100/(A15/1)-100,((A15*100)/(1-(A15/1)))*-1) -> -124.21125 | B16: "True" Odds | C16: =IF(C15<0.5,100/(C15/1)-100,((C15*100)/(1-(C15/1)))*-1) -> 124.21125 | E16: =IF(E15<0.5,100/(E15/1)-100,((E15*100)/(1-(E15/1)))*-1) -> -109.77834 | F16: "True" Odds | G16: =IF(G15<0.5,100/(G15/1)-100,((G15*100)/(1-(G15/1)))*-1) -> 109.77834 | I16: =IF(I15<0.5,100/(I15/1)-100,((I15*100)/(1-(I15/1)))*-1) -> 140.52095 | J16: "True" Odds | K16: =IF(K15<0.5,100/(K15/1)-100,((K15*100)/(1-(K15/1)))*-1) -> -140.52095
A17: Twins | B17: Teams | C17: Royals | D17: Game Total | E17: Tigers | F17: Teams | G17: White Sox | H17: Game Total | I17: Diamondbacks | J17: Teams | K17: Brewers | L17: Game Total
A18: =IF(A17="Diamondbacks",('Offensive Values'!$P$2+'Offensive Values'!$Q$2)/2,IF(A17="Braves",('Offensive Values'!$P$3+'Offensive Values'!$Q$3)/2,IF(A17="Orioles",('Offensive Values'!$P$4+'Offensive Values'!$Q$4)/2,IF(A17="Red Sox",('Offensive Values'!$P$5+'Offensive Values'!$Q$5)/2,IF(A17="Cubs",('Offensive Values'!$P$6+'Offensive Values'!$Q$6)/2,IF(A17="White Sox",('Offensive Values'!$P$7+'Offensive Values'!$Q$7)/2,IF(A17="Reds",('Offensive Values'!$P$8+'Offensive Values'!$Q$8)/2,IF(A17="Indians",('Offensive Values'!$P$9+'Offensive Values'!$Q$9)/2,IF(A17="Rockies",('Offensive Values'!$P$10+'Offensive Values'!$Q$10)/2,IF(A17="Tigers",('Offensive Values'!$P$11+'Offensive Values'!$Q$11)/2,IF(A17="Astros",('Offensive Values'!$P$12+'Offensive Values'!$Q$12)/2,IF(A17="Royals",('Offensive Values'!$P$13+'Offensive Values'!$Q$13)/2,IF(A17="Angels",('Offensive Values'!$P$14+'Offensive Values'!$Q$14)/2,IF(A17="Dodgers",('Offensive Values'!$P$15+'Offensive Values'!$Q$15)/2,IF(A17="Marlins",('Offensive Values'!$P$16+'Offensive Values'!$Q$16)/2,IF(A17="Brewers",('Offensive Values'!$P$17+'Offensive Values'!$Q$17)/2,IF(A17="Twins",('Offensive Values'!$P$18+'Offensive Values'!$Q$18)/2,IF(A17="Mets",('Offensive Values'!$P$19+'Offensive Values'!$Q$19)/2,IF(A17="Yankees",('Offensive Values'!$P$20+'Offensive Values'!$Q$20)/2,IF(A17="Athletics",('Offensive Values'!$P$21+'Offensive Values'!$Q$21)/2,IF(A17="Phillies",('Offensive Values'!$P$22+'Offensive Values'!$Q$22)/2,IF(A17="Pirates",('Offensive Values'!$P$23+'Offensive Values'!$Q$23)/2,IF(A17="Padres",('Offensive Values'!$P$24+'Offensive Values'!$Q$24)/2,IF(A17="Giants",('Offensive Values'!$P$25+'Offensive Values'!$Q$25)/2,IF(A17="Mariners",('Offensive Values'!$P$26+'Offensive Values'!$Q$26)/2,IF(A17="Cardinals",('Offensive Values'!$P$27+'Offensive Values'!$Q$27)/2,IF(A17="Rays",('Offensive Values'!$P$28+'Offensive Values'!$Q$28)/2,IF(A17="Rangers",('Offensive Values'!$P$29+'Offensive Values'!$Q$29)/2,IF(A17="Blue Jays",('Offensive Values'!$P$30+'Offensive Values'!$Q$30)/2,IF(A17="Nationals",('Offensive Values'!$P$31+'Offensive Values'!$Q$31)/2)))))))))))))))))))))))))))))) -> 1.0506118 | B18: Offensive Value | C18: =IF(C17="Diamondbacks",('Offensive Values'!$P$2+'Offensive Values'!$Q$2)/2,IF(C17="Braves",('Offensive Values'!$P$3+'Offensive Values'!$Q$3)/2,IF(C17="Orioles",('Offensive Values'!$P$4+'Offensive Values'!$Q$4)/2,IF(C17="Red Sox",('Offensive Values'!$P$5+'Offensive Values'!$Q$5)/2,IF(C17="Cubs",('Offensive Values'!$P$6+'Offensive Values'!$Q$6)/2,IF(C17="White Sox",('Offensive Values'!$P$7+'Offensive Values'!$Q$7)/2,IF(C17="Reds",('Offensive Values'!$P$8+'Offensive Values'!$Q$8)/2,IF(C17="Indians",('Offensive Values'!$P$9+'Offensive Values'!$Q$9)/2,IF(C17="Rockies",('Offensive Values'!$P$10+'Offensive Values'!$Q$10)/2,IF(C17="Tigers",('Offensive Values'!$P$11+'Offensive Values'!$Q$11)/2,IF(C17="Astros",('Offensive Values'!$P$12+'Offensive Values'!$Q$12)/2,IF(C17="Royals",('Offensive Values'!$P$13+'Offensive Values'!$Q$13)/2,IF(C17="Angels",('Offensive Values'!$P$14+'Offensive Values'!$Q$14)/2,IF(C17="Dodgers",('Offensive Values'!$P$15+'Offensive Values'!$Q$15)/2,IF(C17="Marlins",('Offensive Values'!$P$16+'Offensive Values'!$Q$16)/2,IF(C17="Brewers",('Offensive Values'!$P$17+'Offensive Values'!$Q$17)/2,IF(C17="Twins",('Offensive Values'!$P$18+'Offensive Values'!$Q$18)/2,IF(C17="Mets",('Offensive Values'!$P$19+'Offensive Values'!$Q$19)/2,IF(C17="Yankees",('Offensive Values'!$P$20+'Offensive Values'!$Q$20)/2,IF(C17="Athletics",('Offensive Values'!$P$21+'Offensive Values'!$Q$21)/2,IF(C17="Phillies",('Offensive Values'!$P$22+'Offensive Values'!$Q$22)/2,IF(C17="Pirates",('Offensive Values'!$P$23+'Offensive Values'!$Q$23)/2,IF(C17="Padres",('Offensive Values'!$P$24+'Offensive Values'!$Q$24)/2,IF(C17="Giants",('Offensive Values'!$P$25+'Offensive Values'!$Q$25)/2,IF(C17="Mariners",('Offensive Values'!$P$26+'Offensive Values'!$Q$26)/2,IF(C17="Cardinals",('Offensive Values'!$P$27+'Offensive Values'!$Q$27)/2,IF(C17="Rays",('Offensive Values'!$P$28+'Offensive Values'!$Q$28)/2,IF(C17="Rangers",('Offensive Values'!$P$29+'Offensive Values'!$Q$29)/2,IF(C17="Blue Jays",('Offensive Values'!$P$30+'Offensive Values'!$Q$30)/2,IF(C17="Nationals",('Offensive Values'!$P$31+'Offensive Values'!$Q$31)/2)))))))))))))))))))))))))))))) -> 0.98709677 | D18: 9.5 | E18: =IF(E17="Diamondbacks",('Offensive Values'!$P$2+'Offensive Values'!$Q$2)/2,IF(E17="Braves",('Offensive Values'!$P$3+'Offensive Values'!$Q$3)/2,IF(E17="Orioles",('Offensive Values'!$P$4+'Offensive Values'!$Q$4)/2,IF(E17="Red Sox",('Offensive Values'!$P$5+'Offensive Values'!$Q$5)/2,IF(E17="Cubs",('Offensive Values'!$P$6+'Offensive Values'!$Q$6)/2,IF(E17="White Sox",('Offensive Values'!$P$7+'Offensive Values'!$Q$7)/2,IF(E17="Reds",('Offensive Values'!$P$8+'Offensive Values'!$Q$8)/2,IF(E17="Indians",('Offensive Values'!$P$9+'Offensive Values'!$Q$9)/2,IF(E17="Rockies",('Offensive Values'!$P$10+'Offensive Values'!$Q$10)/2,IF(E17="Tigers",('Offensive Values'!$P$11+'Offensive Values'!$Q$11)/2,IF(E17="Astros",('Offensive Values'!$P$12+'Offensive Values'!$Q$12)/2,IF(E17="Royals",('Offensive Values'!$P$13+'Offensive Values'!$Q$13)/2,IF(E17="Angels",('Offensive Values'!$P$14+'Offensive Values'!$Q$14)/2,IF(E17="Dodgers",('Offensive Values'!$P$15+'Offensive Values'!$Q$15)/2,IF(E17="Marlins",('Offensive Values'!$P$16+'Offensive Values'!$Q$16)/2,IF(E17="Brewers",('Offensive Values'!$P$17+'Offensive Values'!$Q$17)/2,IF(E17="Twins",('Offensive Values'!$P$18+'Offensive Values'!$Q$18)/2,IF(E17="Mets",('Offensive Values'!$P$19+'Offensive Values'!$Q$19)/2,IF(E17="Yankees",('Offensive Values'!$P$20+'Offensive Values'!$Q$20)/2,IF(E17="Athletics",('Offensive Values'!$P$21+'Offensive Values'!$Q$21)/2,IF(E17="Phillies",('Offensive Values'!$P$22+'Offensive Values'!$Q$22)/2,IF(E17="Pirates",('Offensive Values'!$P$23+'Offensive Values'!$Q$23)/2,IF(E17="Padres",('Offensive Values'!$P$24+'Offensive Values'!$Q$24)/2,IF(E17="Giants",('Offensive Values'!$P$25+'Offensive Values'!$Q$25)/2,IF(E17="Mariners",('Offensive Values'!$P$26+'Offensive Values'!$Q$26)/2,IF(E17="Cardinals",('Offensive Values'!$P$27+'Offensive Values'!$Q$27)/2,IF(E17="Rays",('Offensive Values'!$P$28+'Offensive Values'!$Q$28)/2,IF(E17="Rangers",('Offensive Values'!$P$29+'Offensive Values'!$Q$29)/2,IF(E17="Blue Jays",('Offensive Values'!$P$30+'Offensive Values'!$Q$30)/2,IF(E17="Nationals",('Offensive Values'!$P$31+'Offensive Values'!$Q$31)/2)))))))))))))))))))))))))))))) -> 0.94118718 | F18: Offensive Value | G18: =IF(G17="Diamondbacks",('Offensive Values'!$P$2+'Offensive Values'!$Q$2)/2,IF(G17="Braves",('Offensive Values'!$P$3+'Offensive Values'!$Q$3)/2,IF(G17="Orioles",('Offensive Values'!$P$4+'Offensive Values'!$Q$4)/2,IF(G17="Red Sox",('Offensive Values'!$P$5+'Offensive Values'!$Q$5)/2,IF(G17="Cubs",('Offensive Values'!$P$6+'Offensive Values'!$Q$6)/2,IF(G17="White Sox",('Offensive Values'!$P$7+'Offensive Values'!$Q$7)/2,IF(G17="Reds",('Offensive Values'!$P$8+'Offensive Values'!$Q$8)/2,IF(G17="Indians",('Offensive Values'!$P$9+'Offensive Values'!$Q$9)/2,IF(G17="Rockies",('Offensive Values'!$P$10+'Offensive Values'!$Q$10)/2,IF(G17="Tigers",('Offensive Values'!$P$11+'Offensive Values'!$Q$11)/2,IF(G17="Astros",('Offensive Values'!$P$12+'Offensive Values'!$Q$12)/2,IF(G17="Royals",('Offensive Values'!$P$13+'Offensive Values'!$Q$13)/2,IF(G17="Angels",('Offensive Values'!$P$14+'Offensive Values'!$Q$14)/2,IF(G17="Dodgers",('Offensive Values'!$P$15+'Offensive Values'!$Q$15)/2,IF(G17="Marlins",('Offensive Values'!$P$16+'Offensive Values'!$Q$16)/2,IF(G17="Brewers",('Offensive Values'!$P$17+'Offensive Values'!$Q$17)/2,IF(G17="Twins",('Offensive Values'!$P$18+'Offensive Values'!$Q$18)/2,IF(G17="Mets",('Offensive Values'!$P$19+'Offensive Values'!$Q$19)/2,IF(G17="Yankees",('Offensive Values'!$P$20+'Offensive Values'!$Q$20)/2,IF(G17="Athletics",('Offensive Values'!$P$21+'Offensive Values'!$Q$21)/2,IF(G17="Phillies",('Offensive Values'!$P$22+'Offensive Values'!$Q$22)/2,IF(G17="Pirates",('Offensive Values'!$P$23+'Offensive Values'!$Q$23)/2,IF(G17="Padres",('Offensive Values'!$P$24+'Offensive Values'!$Q$24)/2,IF(G17="Giants",('Offensive Values'!$P$25+'Offensive Values'!$Q$25)/2,IF(G17="Mariners",('Offensive Values'!$P$26+'Offensive Values'!$Q$26)/2,IF(G17="Cardinals",('Offensive Values'!$P$27+'Offensive Values'!$Q$27)/2,IF(G17="Rays",('Offensive Values'!$P$28+'Offensive Values'!$Q$28)/2,IF(G17="Rangers",('Offensive Values'!$P$29+'Offensive Values'!$Q$29)/2,IF(G17="Blue Jays",('Offensive Values'!$P$30+'Offensive Values'!$Q$30)/2,IF(G17="Nationals",('Offensive Values'!$P$31+'Offensive Values'!$Q$31)/2)))))))))))))))))))))))))))))) -> 1.0494994 | H18: 8 | I18: =IF(I17="Diamondbacks",('Offensive Values'!$P$2+'Offensive Values'!$Q$2)/2,IF(I17="Braves",('Offensive Values'!$P$3+'Offensive Values'!$Q$3)/2,IF(I17="Orioles",('Offensive Values'!$P$4+'Offensive Values'!$Q$4)/2,IF(I17="Red Sox",('Offensive Values'!$P$5+'Offensive Values'!$Q$5)/2,IF(I17="Cubs",('Offensive Values'!$P$6+'Offensive Values'!$Q$6)/2,IF(I17="White Sox",('Offensive Values'!$P$7+'Offensive Values'!$Q$7)/2,IF(I17="Reds",('Offensive Values'!$P$8+'Offensive Values'!$Q$8)/2,IF(I17="Indians",('Offensive Values'!$P$9+'Offensive Values'!$Q$9)/2,IF(I17="Rockies",('Offensive Values'!$P$10+'Offensive Values'!$Q$10)/2,IF(I17="Tigers",('Offensive Values'!$P$11+'Offensive Values'!$Q$11)/2,IF(I17="Astros",('Offensive Values'!$P$12+'Offensive Values'!$Q$12)/2,IF(I17="Royals",('Offensive Values'!$P$13+'Offensive Values'!$Q$13)/2,IF(I17="Angels",('Offensive Values'!$P$14+'Offensive Values'!$Q$14)/2,IF(I17="Dodgers",('Offensive Values'!$P$15+'Offensive Values'!$Q$15)/2,IF(I17="Marlins",('Offensive Values'!$P$16+'Offensive Values'!$Q$16)/2,IF(I17="Brewers",('Offensive Values'!$P$17+'Offensive Values'!$Q$17)/2,IF(I17="Twins",('Offensive Values'!$P$18+'Offensive Values'!$Q$18)/2,IF(I17="Mets",('Offensive Values'!$P$19+'Offensive Values'!$Q$19)/2,IF(I17="Yankees",('Offensive Values'!$P$20+'Offensive Values'!$Q$20)/2,IF(I17="Athletics",('Offensive Values'!$P$21+'Offensive Values'!$Q$21)/2,IF(I17="Phillies",('Offensive Values'!$P$22+'Offensive Values'!$Q$22)/2,IF(I17="Pirates",('Offensive Values'!$P$23+'Offensive Values'!$Q$23)/2,IF(I17="Padres",('Offensive Values'!$P$24+'Offensive Values'!$Q$24)/2,IF(I17="Giants",('Offensive Values'!$P$25+'Offensive Values'!$Q$25)/2,IF(I17="Mariners",('Offensive Values'!$P$26+'Offensive Values'!$Q$26)/2,IF(I17="Cardinals",('Offensive Values'!$P$27+'Offensive Values'!$Q$27)/2,IF(I17="Rays",('Offensive Values'!$P$28+'Offensive Values'!$Q$28)/2,IF(I17="Rangers",('Offensive Values'!$P$29+'Offensive Values'!$Q$29)/2,IF(I17="Blue Jays",('Offensive Values'!$P$30+'Offensive Values'!$Q$30)/2,IF(I17="Nationals",('Offensive Values'!$P$31+'Offensive Values'!$Q$31)/2)))))))))))))))))))))))))))))) -> 0.97160481 | J18: Offensive Value | K18: =IF(K17="Diamondbacks",('Offensive Values'!$P$2+'Offensive Values'!$Q$2)/2,IF(K17="Braves",('Offensive Values'!$P$3+'Offensive Values'!$Q$3)/2,IF(K17="Orioles",('Offensive Values'!$P$4+'Offensive Values'!$Q$4)/2,IF(K17="Red Sox",('Offensive Values'!$P$5+'Offensive Values'!$Q$5)/2,IF(K17="Cubs",('Offensive Values'!$P$6+'Offensive Values'!$Q$6)/2,IF(K17="White Sox",('Offensive Values'!$P$7+'Offensive Values'!$Q$7)/2,IF(K17="Reds",('Offensive Values'!$P$8+'Offensive Values'!$Q$8)/2,IF(K17="Indians",('Offensive Values'!$P$9+'Offensive Values'!$Q$9)/2,IF(K17="Rockies",('Offensive Values'!$P$10+'Offensive Values'!$Q$10)/2,IF(K17="Tigers",('Offensive Values'!$P$11+'Offensive Values'!$Q$11)/2,IF(K17="Astros",('Offensive Values'!$P$12+'Offensive Values'!$Q$12)/2,IF(K17="Royals",('Offensive Values'!$P$13+'Offensive Values'!$Q$13)/2,IF(K17="Angels",('Offensive Values'!$P$14+'Offensive Values'!$Q$14)/2,IF(K17="Dodgers",('Offensive Values'!$P$15+'Offensive Values'!$Q$15)/2,IF(K17="Marlins",('Offensive Values'!$P$16+'Offensive Values'!$Q$16)/2,IF(K17="Brewers",('Offensive Values'!$P$17+'Offensive Values'!$Q$17)/2,IF(K17="Twins",('Offensive Values'!$P$18+'Offensive Values'!$Q$18)/2,IF(K17="Mets",('Offensive Values'!$P$19+'Offensive Values'!$Q$19)/2,IF(K17="Yankees",('Offensive Values'!$P$20+'Offensive Values'!$Q$20)/2,IF(K17="Athletics",('Offensive Values'!$P$21+'Offensive Values'!$Q$21)/2,IF(K17="Phillies",('Offensive Values'!$P$22+'Offensive Values'!$Q$22)/2,IF(K17="Pirates",('Offensive Values'!$P$23+'Offensive Values'!$Q$23)/2,IF(K17="Padres",('Offensive Values'!$P$24+'Offensive Values'!$Q$24)/2,IF(K17="Giants",('Offensive Values'!$P$25+'Offensive Values'!$Q$25)/2,IF(K17="Mariners",('Offensive Values'!$P$26+'Offensive Values'!$Q$26)/2,IF(K17="Cardinals",('Offensive Values'!$P$27+'Offensive Values'!$Q$27)/2,IF(K17="Rays",('Offensive Values'!$P$28+'Offensive Values'!$Q$28)/2,IF(K17="Rangers",('Offensive Values'!$P$29+'Offensive Values'!$Q$29)/2,IF(K17="Blue Jays",('Offensive Values'!$P$30+'Offensive Values'!$Q$30)/2,IF(K17="Nationals",('Offensive Values'!$P$31+'Offensive Values'!$Q$31)/2)))))))))))))))))))))))))))))) -> 0.95529376 | L18: 8.5
A19: =AVERAGE('Starting Pitchers'!B103:E103)*(6/9) -> 3.66 | B19: Starting Pitcher | C19: =AVERAGE('Starting Pitchers'!B15:E15)*(6/9) -> 3.5566667 | D19: Exponent | E19: =AVERAGE('Starting Pitchers'!B129:E129)*(6/9) -> 2.1166667 | F19: Starting Pitcher | G19: =AVERAGE('Starting Pitchers'!B36:E36)*(6/9) -> 3.3283333 | H19: Exponent | I19: =AVERAGE(4)*(6/9) -> 2.6666667 | J19: Starting Pitcher | K19: =AVERAGE('Starting Pitchers'!B49:E49)*(6/9) -> 1.9777778 | L19: Exponent
A20: =IF(A17="Diamondbacks", AVERAGE('Bullpen Values'!$K$5:$N$5)*(3/9), IF(A17="Braves",AVERAGE('Bullpen Values'!$K$6:$N$6)*(3/9),IF(A17="Orioles",AVERAGE('Bullpen Values'!$K$7:$N$7)*(3/9),IF(A17="Red Sox",AVERAGE('Bullpen Values'!$K$8:$N$8)*(3/9),IF(A17="Cubs",AVERAGE('Bullpen Values'!$K$9:$N$9)*(3/9),IF(A17="White Sox",AVERAGE('Bullpen Values'!$K$10:$N$10)*(3/9),IF(A17="Reds",AVERAGE('Bullpen Values'!$K$11:$N$11)*(3/9),IF(A17="Indians",AVERAGE('Bullpen Values'!$K$12:$N$12)*(3/9),IF(A17="Rockies",AVERAGE('Bullpen Values'!$K$13:$N$13)*(3/9),IF(A17="Tigers",AVERAGE('Bullpen Values'!$K$14:$N$14)*(3/9),IF(A17="Astros",AVERAGE('Bullpen Values'!$K$15:$N$15)*(3/9),IF(A17="Royals",AVERAGE('Bullpen Values'!$K$16:$N$16)*(3/9),IF(A17="Angels",AVERAGE('Bullpen Values'!$K$17:$N$17)*(3/9),IF(A17="Dodgers",AVERAGE('Bullpen Values'!$K$18:$N$18)*(3/9),IF(A17="Marlins",AVERAGE('Bullpen Values'!$K$19:$N$19)*(3/9),IF(A17="Brewers",AVERAGE('Bullpen Values'!$K$20:$N$20)*(3/9),IF(A17="Twins",AVERAGE('Bullpen Values'!$K$21:$N$21)*(3/9),IF(A17="Mets",AVERAGE('Bullpen Values'!$K$22:$N$22)*(3/9),IF(A17="Yankees",AVERAGE('Bullpen Values'!$K$23:$N$23)*(3/9),IF(A17="Athletics",AVERAGE('Bullpen Values'!$K$24:$N$24)*(3/9),IF(A17="Phillies",AVERAGE('Bullpen Values'!$K$25:$N$25)*(3/9),IF(A17="Pirates",AVERAGE('Bullpen Values'!$K$26:$N$26)*(3/9),IF(A17="Padres",AVERAGE('Bullpen Values'!$K$27:$N$27)*(3/9),IF(A17="Giants",AVERAGE('Bullpen Values'!$K$28:$N$28)*(3/9),IF(A17="Mariners",AVERAGE('Bullpen Values'!$K$29:$N$29)*(3/9),IF(A17="Cardinals",AVERAGE('Bullpen Values'!$K$30:$N$30)*(3/9),IF(A17="Rays",AVERAGE('Bullpen Values'!$K$31:$N$31)*(3/9),IF(A17="Rangers",AVERAGE('Bullpen Values'!$K$32:$N$32)*(3/9),IF(A17="Blue Jays",AVERAGE('Bullpen Values'!$K$33:$N$33)*(3/9),IF(A17="Nationals",AVERAGE('Bullpen Values'!$K$34:$N$34)*(3/9))))))))))))))))))))))))))))))) -> 1.5266667 | B20: Bullpen Value | C20: =IF(C17="Diamondbacks", AVERAGE('Bullpen Values'!$K$5:$N$5)*(3/9), IF(C17="Braves",AVERAGE('Bullpen Values'!$K$6:$N$6)*(3/9),IF(C17="Orioles",AVERAGE('Bullpen Values'!$K$7:$N$7)*(3/9),IF(C17="Red Sox",AVERAGE('Bullpen Values'!$K$8:$N$8)*(3/9),IF(C17="Cubs",AVERAGE('Bullpen Values'!$K$9:$N$9)*(3/9),IF(C17="White Sox",AVERAGE('Bullpen Values'!$K$10:$N$10)*(3/9),IF(C17="Reds",AVERAGE('Bullpen Values'!$K$11:$N$11)*(3/9),IF(C17="Indians",AVERAGE('Bullpen Values'!$K$12:$N$12)*(3/9),IF(C17="Rockies",AVERAGE('Bullpen Values'!$K$13:$N$13)*(3/9),IF(C17="Tigers",AVERAGE('Bullpen Values'!$K$14:$N$14)*(3/9),IF(C17="Astros",AVERAGE('Bullpen Values'!$K$15:$N$15)*(3/9),IF(C17="Royals",AVERAGE('Bullpen Values'!$K$16:$N$16)*(3/9),IF(C17="Angels",AVERAGE('Bullpen Values'!$K$17:$N$17)*(3/9),IF(C17="Dodgers",AVERAGE('Bullpen Values'!$K$18:$N$18)*(3/9),IF(C17="Marlins",AVERAGE('Bullpen Values'!$K$19:$N$19)*(3/9),IF(C17="Brewers",AVERAGE('Bullpen Values'!$K$20:$N$20)*(3/9),IF(C17="Twins",AVERAGE('Bullpen Values'!$K$21:$N$21)*(3/9),IF(C17="Mets",AVERAGE('Bullpen Values'!$K$22:$N$22)*(3/9),IF(C17="Yankees",AVERAGE('Bullpen Values'!$K$23:$N$23)*(3/9),IF(C17="Athletics",AVERAGE('Bullpen Values'!$K$24:$N$24)*(3/9),IF(C17="Phillies",AVERAGE('Bullpen Values'!$K$25:$N$25)*(3/9),IF(C17="Pirates",AVERAGE('Bullpen Values'!$K$26:$N$26)*(3/9),IF(C17="Padres",AVERAGE('Bullpen Values'!$K$27:$N$27)*(3/9),IF(C17="Giants",AVERAGE('Bullpen Values'!$K$28:$N$28)*(3/9),IF(C17="Mariners",AVERAGE('Bullpen Values'!$K$29:$N$29)*(3/9),IF(C17="Cardinals",AVERAGE('Bullpen Values'!$K$30:$N$30)*(3/9),IF(C17="Rays",AVERAGE('Bullpen Values'!$K$31:$N$31)*(3/9),IF(C17="Rangers",AVERAGE('Bullpen Values'!$K$32:$N$32)*(3/9),IF(C17="Blue Jays",AVERAGE('Bullpen Values'!$K$33:$N$33)*(3/9),IF(C17="Nationals",AVERAGE('Bullpen Values'!$K$34:$N$34)*(3/9))))))))))))))))))))))))))))))) -> 1.4055556 | D20: =IF(D18=6.5,1.67,IF(D18=7,1.72,IF(D18=7.5,1.76,IF(D18=8,1.8,IF(D18=8.5,1.84,IF(D18=9,1.88,IF(D18=9.5,1.92,IF(D18=10,1.95,IF(D18=10.5,1.98,IF(D18=11,2.01,IF(D18=11.5,2.04,IF(D18=12,2.07,IF(D18=12.5,2.1,IF(D18=13,2.12)))))))))))))) -> 1.92 | E20: =IF(E17="Diamondbacks", AVERAGE('Bullpen Values'!$K$5:$N$5)*(3/9), IF(E17="Braves",AVERAGE('Bullpen Values'!$K$6:$N$6)*(3/9),IF(E17="Orioles",AVERAGE('Bullpen Values'!$K$7:$N$7)*(3/9),IF(E17="Red Sox",AVERAGE('Bullpen Values'!$K$8:$N$8)*(3/9),IF(E17="Cubs",AVERAGE('Bullpen Values'!$K$9:$N$9)*(3/9),IF(E17="White Sox",AVERAGE('Bullpen Values'!$K$10:$N$10)*(3/9),IF(E17="Reds",AVERAGE('Bullpen Values'!$K$11:$N$11)*(3/9),IF(E17="Indians",AVERAGE('Bullpen Values'!$K$12:$N$12)*(3/9),IF(E17="Rockies",AVERAGE('Bullpen Values'!$K$13:$N$13)*(3/9),IF(E17="Tigers",AVERAGE('Bullpen Values'!$K$14:$N$14)*(3/9),IF(E17="Astros",AVERAGE('Bullpen Values'!$K$15:$N$15)*(3/9),IF(E17="Royals",AVERAGE('Bullpen Values'!$K$16:$N$16)*(3/9),IF(E17="Angels",AVERAGE('Bullpen Values'!$K$17:$N$17)*(3/9),IF(E17="Dodgers",AVERAGE('Bullpen Values'!$K$18:$N$18)*(3/9),IF(E17="Marlins",AVERAGE('Bullpen Values'!$K$19:$N$19)*(3/9),IF(E17="Brewers",AVERAGE('Bullpen Values'!$K$20:$N$20)*(3/9),IF(E17="Twins",AVERAGE('Bullpen Values'!$K$21:$N$21)*(3/9),IF(E17="Mets",AVERAGE('Bullpen Values'!$K$22:$N$22)*(3/9),IF(E17="Yankees",AVERAGE('Bullpen Values'!$K$23:$N$23)*(3/9),IF(E17="Athletics",AVERAGE('Bullpen Values'!$K$24:$N$24)*(3/9),IF(E17="Phillies",AVERAGE('Bullpen Values'!$K$25:$N$25)*(3/9),IF(E17="Pirates",AVERAGE('Bullpen Values'!$K$26:$N$26)*(3/9),IF(E17="Padres",AVERAGE('Bullpen Values'!$K$27:$N$27)*(3/9),IF(E17="Giants",AVERAGE('Bullpen Values'!$K$28:$N$28)*(3/9),IF(E17="Mariners",AVERAGE('Bullpen Values'!$K$29:$N$29)*(3/9),IF(E17="Cardinals",AVERAGE('Bullpen Values'!$K$30:$N$30)*(3/9),IF(E17="Rays",AVERAGE('Bullpen Values'!$K$31:$N$31)*(3/9),IF(E17="Rangers",AVERAGE('Bullpen Values'!$K$32:$N$32)*(3/9),IF(E17="Blue Jays",AVERAGE('Bullpen Values'!$K$33:$N$33)*(3/9),IF(E17="Nationals",AVERAGE('Bullpen Values'!$K$34:$N$34)*(3/9))))))))))))))))))))))))))))))) -> 1.5844444 | F20: Bullpen Value | G20: =IF(G17="Diamondbacks", AVERAGE('Bullpen Values'!$K$5:$N$5)*(3/9), IF(G17="Braves",AVERAGE('Bullpen Values'!$K$6:$N$6)*(3/9),IF(G17="Orioles",AVERAGE('Bullpen Values'!$K$7:$N$7)*(3/9),IF(G17="Red Sox",AVERAGE('Bullpen Values'!$K$8:$N$8)*(3/9),IF(G17="Cubs",AVERAGE('Bullpen Values'!$K$9:$N$9)*(3/9),IF(G17="White Sox",AVERAGE('Bullpen Values'!$K$10:$N$10)*(3/9),IF(G17="Reds",AVERAGE('Bullpen Values'!$K$11:$N$11)*(3/9),IF(G17="Indians",AVERAGE('Bullpen Values'!$K$12:$N$12)*(3/9),IF(G17="Rockies",AVERAGE('Bullpen Values'!$K$13:$N$13)*(3/9),IF(G17="Tigers",AVERAGE('Bullpen Values'!$K$14:$N$14)*(3/9),IF(G17="Astros",AVERAGE('Bullpen Values'!$K$15:$N$15)*(3/9),IF(G17="Royals",AVERAGE('Bullpen Values'!$K$16:$N$16)*(3/9),IF(G17="Angels",AVERAGE('Bullpen Values'!$K$17:$N$17)*(3/9),IF(G17="Dodgers",AVERAGE('Bullpen Values'!$K$18:$N$18)*(3/9),IF(G17="Marlins",AVERAGE('Bullpen Values'!$K$19:$N$19)*(3/9),IF(G17="Brewers",AVERAGE('Bullpen Values'!$K$20:$N$20)*(3/9),IF(G17="Twins",AVERAGE('Bullpen Values'!$K$21:$N$21)*(3/9),IF(G17="Mets",AVERAGE('Bullpen Values'!$K$22:$N$22)*(3/9),IF(G17="Yankees",AVERAGE('Bullpen Values'!$K$23:$N$23)*(3/9),IF(G17="Athletics",AVERAGE('Bullpen Values'!$K$24:$N$24)*(3/9),IF(G17="Phillies",AVERAGE('Bullpen Values'!$K$25:$N$25)*(3/9),IF(G17="Pirates",AVERAGE('Bullpen Values'!$K$26:$N$26)*(3/9),IF(G17="Padres",AVERAGE('Bullpen Values'!$K$27:$N$27)*(3/9),IF(G17="Giants",AVERAGE('Bullpen Values'!$K$28:$N$28)*(3/9),IF(G17="Mariners",AVERAGE('Bullpen Values'!$K$29:$N$29)*(3/9),IF(G17="Cardinals",AVERAGE('Bullpen Values'!$K$30:$N$30)*(3/9),IF(G17="Rays",AVERAGE('Bullpen Values'!$K$31:$N$31)*(3/9),IF(G17="Rangers",AVERAGE('Bullpen Values'!$K$32:$N$32)*(3/9),IF(G17="Blue Jays",AVERAGE('Bullpen Values'!$K$33:$N$33)*(3/9),IF(G17="Nationals",AVERAGE('Bullpen Values'!$K$34:$N$34)*(3/9))))))))))))))))))))))))))))))) -> 1.1622222 | H20: =IF(H18=6.5,1.67,IF(H18=7,1.72,IF(H18=7.5,1.76,IF(H18=8,1.8,IF(H18=8.5,1.84,IF(H18=9,1.88,IF(H18=9.5,1.92,IF(H18=10,1.95,IF(H18=10.5,1.98,IF(H18=11,2.01,IF(H18=11.5,2.04,IF(H18=12,2.07,IF(H18=12.5,2.1,IF(H18=13,2.12)))))))))))))) -> 1.8 | I20: =IF(I17="Diamondbacks", AVERAGE('Bullpen Values'!$K$5:$N$5)*(3/9), IF(I17="Braves",AVERAGE('Bullpen Values'!$K$6:$N$6)*(3/9),IF(I17="Orioles",AVERAGE('Bullpen Values'!$K$7:$N$7)*(3/9),IF(I17="Red Sox",AVERAGE('Bullpen Values'!$K$8:$N$8)*(3/9),IF(I17="Cubs",AVERAGE('Bullpen Values'!$K$9:$N$9)*(3/9),IF(I17="White Sox",AVERAGE('Bullpen Values'!$K$10:$N$10)*(3/9),IF(I17="Reds",AVERAGE('Bullpen Values'!$K$11:$N$11)*(3/9),IF(I17="Indians",AVERAGE('Bullpen Values'!$K$12:$N$12)*(3/9),IF(I17="Rockies",AVERAGE('Bullpen Values'!$K$13:$N$13)*(3/9),IF(I17="Tigers",AVERAGE('Bullpen Values'!$K$14:$N$14)*(3/9),IF(I17="Astros",AVERAGE('Bullpen Values'!$K$15:$N$15)*(3/9),IF(I17="Royals",AVERAGE('Bullpen Values'!$K$16:$N$16)*(3/9),IF(I17="Angels",AVERAGE('Bullpen Values'!$K$17:$N$17)*(3/9),IF(I17="Dodgers",AVERAGE('Bullpen Values'!$K$18:$N$18)*(3/9),IF(I17="Marlins",AVERAGE('Bullpen Values'!$K$19:$N$19)*(3/9),IF(I17="Brewers",AVERAGE('Bullpen Values'!$K$20:$N$20)*(3/9),IF(I17="Twins",AVERAGE('Bullpen Values'!$K$21:$N$21)*(3/9),IF(I17="Mets",AVERAGE('Bullpen Values'!$K$22:$N$22)*(3/9),IF(I17="Yankees",AVERAGE('Bullpen Values'!$K$23:$N$23)*(3/9),IF(I17="Athletics",AVERAGE('Bullpen Values'!$K$24:$N$24)*(3/9),IF(I17="Phillies",AVERAGE('Bullpen Values'!$K$25:$N$25)*(3/9),IF(I17="Pirates",AVERAGE('Bullpen Values'!$K$26:$N$26)*(3/9),IF(I17="Padres",AVERAGE('Bullpen Values'!$K$27:$N$27)*(3/9),IF(I17="Giants",AVERAGE('Bullpen Values'!$K$28:$N$28)*(3/9),IF(I17="Mariners",AVERAGE('Bullpen Values'!$K$29:$N$29)*(3/9),IF(I17="Cardinals",AVERAGE('Bullpen Values'!$K$30:$N$30)*(3/9),IF(I17="Rays",AVERAGE('Bullpen Values'!$K$31:$N$31)*(3/9),IF(I17="Rangers",AVERAGE('Bullpen Values'!$K$32:$N$32)*(3/9),IF(I17="Blue Jays",AVERAGE('Bullpen Values'!$K$33:$N$33)*(3/9),IF(I17="Nationals",AVERAGE('Bullpen Values'!$K$34:$N$34)*(3/9))))))))))))))))))))))))))))))) -> 1.5166667 | J20: Bullpen Value | K20: =IF(K17="Diamondbacks", AVERAGE('Bullpen Values'!$K$5:$N$5)*(3/9), IF(K17="Braves",AVERAGE('Bullpen Values'!$K$6:$N$6)*(3/9),IF(K17="Orioles",AVERAGE('Bullpen Values'!$K$7:$N$7)*(3/9),IF(K17="Red Sox",AVERAGE('Bullpen Values'!$K$8:$N$8)*(3/9),IF(K17="Cubs",AVERAGE('Bullpen Values'!$K$9:$N$9)*(3/9),IF(K17="White Sox",AVERAGE('Bullpen Values'!$K$10:$N$10)*(3/9),IF(K17="Reds",AVERAGE('Bullpen Values'!$K$11:$N$11)*(3/9),IF(K17="Indians",AVERAGE('Bullpen Values'!$K$12:$N$12)*(3/9),IF(K17="Rockies",AVERAGE('Bullpen Values'!$K$13:$N$13)*(3/9),IF(K17="Tigers",AVERAGE('Bullpen Values'!$K$14:$N$14)*(3/9),IF(K17="Astros",AVERAGE('Bullpen Values'!$K$15:$N$15)*(3/9),IF(K17="Royals",AVERAGE('Bullpen Values'!$K$16:$N$16)*(3/9),IF(K17="Angels",AVERAGE('Bullpen Values'!$K$17:$N$17)*(3/9),IF(K17="Dodgers",AVERAGE('Bullpen Values'!$K$18:$N$18)*(3/9),IF(K17="Marlins",AVERAGE('Bullpen Values'!$K$19:$N$19)*(3/9),IF(K17="Brewers",AVERAGE('Bullpen Values'!$K$20:$N$20)*(3/9),IF(K17="Twins",AVERAGE('Bullpen Values'!$K$21:$N$21)*(3/9),IF(K17="Mets",AVERAGE('Bullpen Values'!$K$22:$N$22)*(3/9),IF(K17="Yankees",AVERAGE('Bullpen Values'!$K$23:$N$23)*(3/9),IF(K17="Athletics",AVERAGE('Bullpen Values'!$K$24:$N$24)*(3/9),IF(K17="Phillies",AVERAGE('Bullpen Values'!$K$25:$N$25)*(3/9),IF(K17="Pirates",AVERAGE('Bullpen Values'!$K$26:$N$26)*(3/9),IF(K17="Padres",AVERAGE('Bullpen Values'!$K$27:$N$27)*(3/9),IF(K17="Giants",AVERAGE('Bullpen Values'!$K$28:$N$28)*(3/9),IF(K17="Mariners",AVERAGE('Bullpen Values'!$K$29:$N$29)*(3/9),IF(K17="Cardinals",AVERAGE('Bullpen Values'!$K$30:$N$30)*(3/9),IF(K17="Rays",AVERAGE('Bullpen Values'!$K$31:$N$31)*(3/9),IF(K17="Rangers",AVERAGE('Bullpen Values'!$K$32:$N$32)*(3/9),IF(K17="Blue Jays",AVERAGE('Bullpen Values'!$K$33:$N$33)*(3/9),IF(K17="Nationals",AVERAGE('Bullpen Values'!$K$34:$N$34)*(3/9))))))))))))))))))))))))))))))) -> 1.4766667 | L20: =IF(L18=6.5,1.67,IF(L18=7,1.72,IF(L18=7.5,1.76,IF(L18=8,1.8,IF(L18=8.5,1.84,IF(L18=9,1.88,IF(L18=9.5,1.92,IF(L18=10,1.95,IF(L18=10.5,1.98,IF(L18=11,2.01,IF(L18=11.5,2.04,IF(L18=12,2.07,IF(L18=12.5,2.1,IF(L18=13,2.12)))))))))))))) -> 1.84
A21: =(A19+A20)/$M$4 -> 1.2806584 | B21: Pitching Value | C21: =(C19+C20)/$M$4 -> 1.2252401 | E21: =(E19+E20)/$M$4 -> 0.9138546 | F21: Expected Runs | G21: =(G19+G20)/$M$4 -> 1.1087791 | I21: =(I19+I20)/$M$4 -> 1.0329218 | J21: Pitching Value | K21: =(K19+K20)/$M$4 -> 0.85294925
A22: =A18*C21*$M$6 -> 5.6124172 | B22: xRuns | C22: =C18*A21*$M$6 -> 5.5116234 | E22: =E18*G21*$M$6 -> 4.5499596 | F22: xRuns | G22: =G18*E21*$M$6 -> 4.1816319 | I22: =I18*K21*$M$6 -> 3.613261 | J22: xRuns | K22: =K18*I21*$M$6 -> 4.3022028
A23: =POWER(A22,D20)/(POWER(A22,D20)+(POWER(C22,D20))) -> 0.50869782 | B23: Win % | C23: =POWER(C22,D20)/(POWER(C22,D20)+(POWER(A22,D20))) -> 0.49130218 | E23: =POWER(E22,H20)/(POWER(E22,H20)+(POWER(G22,H20))) -> 0.53791463 | F23: Win % | G23: =POWER(G22,H20)/(POWER(G22,H20)+(POWER(E22,H20))) -> 0.46208537 | I23: =POWER(I22,L20)/(POWER(I22,L20)+(POWER(K22,L20))) -> 0.42040518 | J23: Win % | K23: =POWER(K22,L20)/(POWER(K22,L20)+(POWER(I22,L20))) -> 0.57959482
A24: =IF(A23<0.5,100/(A23/1)-100,((A23*100)/(1-(A23/1)))*-1) -> -103.54072 | B24: "True" Odds | C24: =IF(C23<0.5,100/(C23/1)-100,((C23*100)/(1-(C23/1)))*-1) -> 103.54072 | E24: =IF(E23<0.5,100/(E23/1)-100,((E23*100)/(1-(E23/1)))*-1) -> -116.41023 | F24: "True" Odds | G24: =IF(G23<0.5,100/(G23/1)-100,((G23*100)/(1-(G23/1)))*-1) -> 116.41023 | I24: =IF(I23<0.5,100/(I23/1)-100,((I23*100)/(1-(I23/1)))*-1) -> 137.86577 | J24: "True" Odds | K24: =IF(K23<0.5,100/(K23/1)-100,((K23*100)/(1-(K23/1)))*-1) -> -137.86577
A25: Reds | B25: Teams | C25: Cardinals | D25: Game Total | E25: Athletics | F25: Teams | G25: Rockies | H25: Game Total | I25: Mariners | J25: Teams | K25: Angels | L25: Game Total
A26: =IF(A25="Diamondbacks",('Offensive Values'!$P$2+'Offensive Values'!$Q$2)/2,IF(A25="Braves",('Offensive Values'!$P$3+'Offensive Values'!$Q$3)/2,IF(A25="Orioles",('Offensive Values'!$P$4+'Offensive Values'!$Q$4)/2,IF(A25="Red Sox",('Offensive Values'!$P$5+'Offensive Values'!$Q$5)/2,IF(A25="Cubs",('Offensive Values'!$P$6+'Offensive Values'!$Q$6)/2,IF(A25="White Sox",('Offensive Values'!$P$7+'Offensive Values'!$Q$7)/2,IF(A25="Reds",('Offensive Values'!$P$8+'Offensive Values'!$Q$8)/2,IF(A25="Indians",('Offensive Values'!$P$9+'Offensive Values'!$Q$9)/2,IF(A25="Rockies",('Offensive Values'!$P$10+'Offensive Values'!$Q$10)/2,IF(A25="Tigers",('Offensive Values'!$P$11+'Offensive Values'!$Q$11)/2,IF(A25="Astros",('Offensive Values'!$P$12+'Offensive Values'!$Q$12)/2,IF(A25="Royals",('Offensive Values'!$P$13+'Offensive Values'!$Q$13)/2,IF(A25="Angels",('Offensive Values'!$P$14+'Offensive Values'!$Q$14)/2,IF(A25="Dodgers",('Offensive Values'!$P$15+'Offensive Values'!$Q$15)/2,IF(A25="Marlins",('Offensive Values'!$P$16+'Offensive Values'!$Q$16)/2,IF(A25="Brewers",('Offensive Values'!$P$17+'Offensive Values'!$Q$17)/2,IF(A25="Twins",('Offensive Values'!$P$18+'Offensive Values'!$Q$18)/2,IF(A25="Mets",('Offensive Values'!$P$19+'Offensive Values'!$Q$19)/2,IF(A25="Yankees",('Offensive Values'!$P$20+'Offensive Values'!$Q$20)/2,IF(A25="Athletics",('Offensive Values'!$P$21+'Offensive Values'!$Q$21)/2,IF(A25="Phillies",('Offensive Values'!$P$22+'Offensive Values'!$Q$22)/2,IF(A25="Pirates",('Offensive Values'!$P$23+'Offensive Values'!$Q$23)/2,IF(A25="Padres",('Offensive Values'!$P$24+'Offensive Values'!$Q$24)/2,IF(A25="Giants",('Offensive Values'!$P$25+'Offensive Values'!$Q$25)/2,IF(A25="Mariners",('Offensive Values'!$P$26+'Offensive Values'!$Q$26)/2,IF(A25="Cardinals",('Offensive Values'!$P$27+'Offensive Values'!$Q$27)/2,IF(A25="Rays",('Offensive Values'!$P$28+'Offensive Values'!$Q$28)/2,IF(A25="Rangers",('Offensive Values'!$P$29+'Offensive Values'!$Q$29)/2,IF(A25="Blue Jays",('Offensive Values'!$P$30+'Offensive Values'!$Q$30)/2,IF(A25="Nationals",('Offensive Values'!$P$31+'Offensive Values'!$Q$31)/2)))))))))))))))))))))))))))))) -> 1.0446152 | B26: Offensive Value | C26: =IF(C25="Diamondbacks",('Offensive Values'!$P$2+'Offensive Values'!$Q$2)/2,IF(C25="Braves",('Offensive Values'!$P$3+'Offensive Values'!$Q$3)/2,IF(C25="Orioles",('Offensive Values'!$P$4+'Offensive Values'!$Q$4)/2,IF(C25="Red Sox",('Offensive Values'!$P$5+'Offensive Values'!$Q$5)/2,IF(C25="Cubs",('Offensive Values'!$P$6+'Offensive Values'!$Q$6)/2,IF(C25="White Sox",('Offensive Values'!$P$7+'Offensive Values'!$Q$7)/2,IF(C25="Reds",('Offensive Values'!$P$8+'Offensive Values'!$Q$8)/2,IF(C25="Indians",('Offensive Values'!$P$9+'Offensive Values'!$Q$9)/2,IF(C25="Rockies",('Offensive Values'!$P$10+'Offensive Values'!$Q$10)/2,IF(C25="Tigers",('Offensive Values'!$P$11+'Offensive Values'!$Q$11)/2,IF(C25="Astros",('Offensive Values'!$P$12+'Offensive Values'!$Q$12)/2,IF(C25="Royals",('Offensive Values'!$P$13+'Offensive Values'!$Q$13)/2,IF(C25="Angels",('Offensive Values'!$P$14+'Offensive Values'!$Q$14)/2,IF(C25="Dodgers",('Offensive Values'!$P$15+'Offensive Values'!$Q$15)/2,IF(C25="Marlins",('Offensive Values'!$P$16+'Offensive Values'!$Q$16)/2,IF(C25="Brewers",('Offensive Values'!$P$17+'Offensive Values'!$Q$17)/2,IF(C25="Twins",('Offensive Values'!$P$18+'Offensive Values'!$Q$18)/2,IF(C25="Mets",('Offensive Values'!$P$19+'Offensive Values'!$Q$19)/2,IF(C25="Yankees",('Offensive Values'!$P$20+'Offensive Values'!$Q$20)/2,IF(C25="Athletics",('Offensive Values'!$P$21+'Offensive Values'!$Q$21)/2,IF(C25="Phillies",('Offensive Values'!$P$22+'Offensive Values'!$Q$22)/2,IF(C25="Pirates",('Offensive Values'!$P$23+'Offensive Values'!$Q$23)/2,IF(C25="Padres",('Offensive Values'!$P$24+'Offensive Values'!$Q$24)/2,IF(C25="Giants",('Offensive Values'!$P$25+'Offensive Values'!$Q$25)/2,IF(C25="Mariners",('Offensive Values'!$P$26+'Offensive Values'!$Q$26)/2,IF(C25="Cardinals",('Offensive Values'!$P$27+'Offensive Values'!$Q$27)/2,IF(C25="Rays",('Offensive Values'!$P$28+'Offensive Values'!$Q$28)/2,IF(C25="Rangers",('Offensive Values'!$P$29+'Offensive Values'!$Q$29)/2,IF(C25="Blue Jays",('Offensive Values'!$P$30+'Offensive Values'!$Q$30)/2,IF(C25="Nationals",('Offensive Values'!$P$31+'Offensive Values'!$Q$31)/2)))))))))))))))))))))))))))))) -> 0.99018607 | D26: 8.5 | E26: =IF(E25="Diamondbacks",('Offensive Values'!$P$2+'Offensive Values'!$Q$2)/2,IF(E25="Braves",('Offensive Values'!$P$3+'Offensive Values'!$Q$3)/2,IF(E25="Orioles",('Offensive Values'!$P$4+'Offensive Values'!$Q$4)/2,IF(E25="Red Sox",('Offensive Values'!$P$5+'Offensive Values'!$Q$5)/2,IF(E25="Cubs",('Offensive Values'!$P$6+'Offensive Values'!$Q$6)/2,IF(E25="White Sox",('Offensive Values'!$P$7+'Offensive Values'!$Q$7)/2,IF(E25="Reds",('Offensive Values'!$P$8+'Offensive Values'!$Q$8)/2,IF(E25="Indians",('Offensive Values'!$P$9+'Offensive Values'!$Q$9)/2,IF(E25="Rockies",('Offensive Values'!$P$10+'Offensive Values'!$Q$10)/2,IF(E25="Tigers",('Offensive Values'!$P$11+'Offensive Values'!$Q$11)/2,IF(E25="Astros",('Offensive Values'!$P$12+'Offensive Values'!$Q$12)/2,IF(E25="Royals",('Offensive Values'!$P$13+'Offensive Values'!$Q$13)/2,IF(E25="Angels",('Offensive Values'!$P$14+'Offensive Values'!$Q$14)/2,IF(E25="Dodgers",('Offensive Values'!$P$15+'Offensive Values'!$Q$15)/2,IF(E25="Marlins",('Offensive Values'!$P$16+'Offensive Values'!$Q$16)/2,IF(E25="Brewers",('Offensive Values'!$P$17+'Offensive Values'!$Q$17)/2,IF(E25="Twins",('Offensive Values'!$P$18+'Offensive Values'!$Q$18)/2,IF(E25="Mets",('Offensive Values'!$P$19+'Offensive Values'!$Q$19)/2,IF(E25="Yankees",('Offensive Values'!$P$20+'Offensive Values'!$Q$20)/2,IF(E25="Athletics",('Offensive Values'!$P$21+'Offensive Values'!$Q$21)/2,IF(E25="Phillies",('Offensive Values'!$P$22+'Offensive Values'!$Q$22)/2,IF(E25="Pirates",('Offensive Values'!$P$23+'Offensive Values'!$Q$23)/2,IF(E25="Padres",('Offensive Values'!$P$24+'Offensive Values'!$Q$24)/2,IF(E25="Giants",('Offensive Values'!$P$25+'Offensive Values'!$Q$25)/2,IF(E25="Mariners",('Offensive Values'!$P$26+'Offensive Values'!$Q$26)/2,IF(E25="Cardinals",('Offensive Values'!$P$27+'Offensive Values'!$Q$27)/2,IF(E25="Rays",('Offensive Values'!$P$28+'Offensive Values'!$Q$28)/2,IF(E25="Rangers",('Offensive Values'!$P$29+'Offensive Values'!$Q$29)/2,IF(E25="Blue Jays",('Offensive Values'!$P$30+'Offensive Values'!$Q$30)/2,IF(E25="Nationals",('Offensive Values'!$P$31+'Offensive Values'!$Q$31)/2)))))))))))))))))))))))))))))) -> 1.0221711 | F26: Offensive Value | G26: =IF(G25="Diamondbacks",('Offensive Values'!$P$2+'Offensive Values'!$Q$2)/2,IF(G25="Braves",('Offensive Values'!$P$3+'Offensive Values'!$Q$3)/2,IF(G25="Orioles",('Offensive Values'!$P$4+'Offensive Values'!$Q$4)/2,IF(G25="Red Sox",('Offensive Values'!$P$5+'Offensive Values'!$Q$5)/2,IF(G25="Cubs",('Offensive Values'!$P$6+'Offensive Values'!$Q$6)/2,IF(G25="White Sox",('Offensive Values'!$P$7+'Offensive Values'!$Q$7)/2,IF(G25="Reds",('Offensive Values'!$P$8+'Offensive Values'!$Q$8)/2,IF(G25="Indians",('Offensive Values'!$P$9+'Offensive Values'!$Q$9)/2,IF(G25="Rockies",('Offensive Values'!$P$10+'Offensive Values'!$Q$10)/2,IF(G25="Tigers",('Offensive Values'!$P$11+'Offensive Values'!$Q$11)/2,IF(G25="Astros",('Offensive Values'!$P$12+'Offensive Values'!$Q$12)/2,IF(G25="Royals",('Offensive Values'!$P$13+'Offensive Values'!$Q$13)/2,IF(G25="Angels",('Offensive Values'!$P$14+'Offensive Values'!$Q$14)/2,IF(G25="Dodgers",('Offensive Values'!$P$15+'Offensive Values'!$Q$15)/2,IF(G25="Marlins",('Offensive Values'!$P$16+'Offensive Values'!$Q$16)/2,IF(G25="Brewers",('Offensive Values'!$P$17+'Offensive Values'!$Q$17)/2,IF(G25="Twins",('Offensive Values'!$P$18+'Offensive Values'!$Q$18)/2,IF(G25="Mets",('Offensive Values'!$P$19+'Offensive Values'!$Q$19)/2,IF(G25="Yankees",('Offensive Values'!$P$20+'Offensive Values'!$Q$20)/2,IF(G25="Athletics",('Offensive Values'!$P$21+'Offensive Values'!$Q$21)/2,IF(G25="Phillies",('Offensive Values'!$P$22+'Offensive Values'!$Q$22)/2,IF(G25="Pirates",('Offensive Values'!$P$23+'Offensive Values'!$Q$23)/2,IF(G25="Padres",('Offensive Values'!$P$24+'Offensive Values'!$Q$24)/2,IF(G25="Giants",('Offensive Values'!$P$25+'Offensive Values'!$Q$25)/2,IF(G25="Mariners",('Offensive Values'!$P$26+'Offensive Values'!$Q$26)/2,IF(G25="Cardinals",('Offensive Values'!$P$27+'Offensive Values'!$Q$27)/2,IF(G25="Rays",('Offensive Values'!$P$28+'Offensive Values'!$Q$28)/2,IF(G25="Rangers",('Offensive Values'!$P$29+'Offensive Values'!$Q$29)/2,IF(G25="Blue Jays",('Offensive Values'!$P$30+'Offensive Values'!$Q$30)/2,IF(G25="Nationals",('Offensive Values'!$P$31+'Offensive Values'!$Q$31)/2)))))))))))))))))))))))))))))) -> 0.96192739 | H26: 11 | I26: =IF(I25="Diamondbacks",('Offensive Values'!$P$2+'Offensive Values'!$Q$2)/2,IF(I25="Braves",('Offensive Values'!$P$3+'Offensive Values'!$Q$3)/2,IF(I25="Orioles",('Offensive Values'!$P$4+'Offensive Values'!$Q$4)/2,IF(I25="Red Sox",('Offensive Values'!$P$5+'Offensive Values'!$Q$5)/2,IF(I25="Cubs",('Offensive Values'!$P$6+'Offensive Values'!$Q$6)/2,IF(I25="White Sox",('Offensive Values'!$P$7+'Offensive Values'!$Q$7)/2,IF(I25="Reds",('Offensive Values'!$P$8+'Offensive Values'!$Q$8)/2,IF(I25="Indians",('Offensive Values'!$P$9+'Offensive Values'!$Q$9)/2,IF(I25="Rockies",('Offensive Values'!$P$10+'Offensive Values'!$Q$10)/2,IF(I25="Tigers",('Offensive Values'!$P$11+'Offensive Values'!$Q$11)/2,IF(I25="Astros",('Offensive Values'!$P$12+'Offensive Values'!$Q$12)/2,IF(I25="Royals",('Offensive Values'!$P$13+'Offensive Values'!$Q$13)/2,IF(I25="Angels",('Offensive Values'!$P$14+'Offensive Values'!$Q$14)/2,IF(I25="Dodgers",('Offensive Values'!$P$15+'Offensive Values'!$Q$15)/2,IF(I25="Marlins",('Offensive Values'!$P$16+'Offensive Values'!$Q$16)/2,IF(I25="Brewers",('Offensive Values'!$P$17+'Offensive Values'!$Q$17)/2,IF(I25="Twins",('Offensive Values'!$P$18+'Offensive Values'!$Q$18)/2,IF(I25="Mets",('Offensive Values'!$P$19+'Offensive Values'!$Q$19)/2,IF(I25="Yankees",('Offensive Values'!$P$20+'Offensive Values'!$Q$20)/2,IF(I25="Athletics",('Offensive Values'!$P$21+'Offensive Values'!$Q$21)/2,IF(I25="Phillies",('Offensive Values'!$P$22+'Offensive Values'!$Q$22)/2,IF(I25="Pirates",('Offensive Values'!$P$23+'Offensive Values'!$Q$23)/2,IF(I25="Padres",('Offensive Values'!$P$24+'Offensive Values'!$Q$24)/2,IF(I25="Giants",('Offensive Values'!$P$25+'Offensive Values'!$Q$25)/2,IF(I25="Mariners",('Offensive Values'!$P$26+'Offensive Values'!$Q$26)/2,IF(I25="Cardinals",('Offensive Values'!$P$27+'Offensive Values'!$Q$27)/2,IF(I25="Rays",('Offensive Values'!$P$28+'Offensive Values'!$Q$28)/2,IF(I25="Rangers",('Offensive Values'!$P$29+'Offensive Values'!$Q$29)/2,IF(I25="Blue Jays",('Offensive Values'!$P$30+'Offensive Values'!$Q$30)/2,IF(I25="Nationals",('Offensive Values'!$P$31+'Offensive Values'!$Q$31)/2)))))))))))))))))))))))))))))) -> 0.93773385 | J26: Offensive Value | K26: =IF(K25="Diamondbacks",('Offensive Values'!$P$2+'Offensive Values'!$Q$2)/2,IF(K25="Braves",('Offensive Values'!$P$3+'Offensive Values'!$Q$3)/2,IF(K25="Orioles",('Offensive Values'!$P$4+'Offensive Values'!$Q$4)/2,IF(K25="Red Sox",('Offensive Values'!$P$5+'Offensive Values'!$Q$5)/2,IF(K25="Cubs",('Offensive Values'!$P$6+'Offensive Values'!$Q$6)/2,IF(K25="White Sox",('Offensive Values'!$P$7+'Offensive Values'!$Q$7)/2,IF(K25="Reds",('Offensive Values'!$P$8+'Offensive Values'!$Q$8)/2,IF(K25="Indians",('Offensive Values'!$P$9+'Offensive Values'!$Q$9)/2,IF(K25="Rockies",('Offensive Values'!$P$10+'Offensive Values'!$Q$10)/2,IF(K25="Tigers",('Offensive Values'!$P$11+'Offensive Values'!$Q$11)/2,IF(K25="Astros",('Offensive Values'!$P$12+'Offensive Values'!$Q$12)/2,IF(K25="Royals",('Offensive Values'!$P$13+'Offensive Values'!$Q$13)/2,IF(K25="Angels",('Offensive Values'!$P$14+'Offensive Values'!$Q$14)/2,IF(K25="Dodgers",('Offensive Values'!$P$15+'Offensive Values'!$Q$15)/2,IF(K25="Marlins",('Offensive Values'!$P$16+'Offensive Values'!$Q$16)/2,IF(K25="Brewers",('Offensive Values'!$P$17+'Offensive Values'!$Q$17)/2,IF(K25="Twins",('Offensive Values'!$P$18+'Offensive Values'!$Q$18)/2,IF(K25="Mets",('Offensive Values'!$P$19+'Offensive Values'!$Q$19)/2,IF(K25="Yankees",('Offensive Values'!$P$20+'Offensive Values'!$Q$20)/2,IF(K25="Athletics",('Offensive Values'!$P$21+'Offensive Values'!$Q$21)/2,IF(K25="Phillies",('Offensive Values'!$P$22+'Offensive Values'!$Q$22)/2,IF(K25="Pirates",('Offensive Values'!$P$23+'Offensive Values'!$Q$23)/2,IF(K25="Padres",('Offensive Values'!$P$24+'Offensive Values'!$Q$24)/2,IF(K25="Giants",('Offensive Values'!$P$25+'Offensive Values'!$Q$25)/2,IF(K25="Mariners",('Offensive Values'!$P$26+'Offensive Values'!$Q$26)/2,IF(K25="Cardinals",('Offensive Values'!$P$27+'Offensive Values'!$Q$27)/2,IF(K25="Rays",('Offensive Values'!$P$28+'Offensive Values'!$Q$28)/2,IF(K25="Rangers",('Offensive Values'!$P$29+'Offensive Values'!$Q$29)/2,IF(K25="Blue Jays",('Offensive Values'!$P$30+'Offensive Values'!$Q$30)/2,IF(K25="Nationals",('Offensive Values'!$P$31+'Offensive Values'!$Q$31)/2)))))))))))))))))))))))))))))) -> 0.99064112 | L26: 9
A27: =AVERAGE('Starting Pitchers'!B95:E95)*(6/9) -> 3.4266667 | B27: Starting Pitcher | C27: =AVERAGE('Starting Pitchers'!B88:E88)*(6/9) -> 2.6616667 | D27: Exponent | E27: =AVERAGE('Starting Pitchers'!B48:E48)*(6/9) -> 2.9033333 | F27: Starting Pitcher | G27: =AVERAGE('Starting Pitchers'!B71:E71)*(6/9) -> 2.61 | H27: Exponent | I27: =AVERAGE(4.5)*(6/9) -> 3 | J27: Starting Pitcher | K27: =AVERAGE('Starting Pitchers'!$B$3:$E$3)*(6/9) -> 2.3266667 | L27: Exponent
A28: =IF(A25="Diamondbacks", AVERAGE('Bullpen Values'!$K$5:$N$5)*(3/9), IF(A25="Braves",AVERAGE('Bullpen Values'!$K$6:$N$6)*(3/9),IF(A25="Orioles",AVERAGE('Bullpen Values'!$K$7:$N$7)*(3/9),IF(A25="Red Sox",AVERAGE('Bullpen Values'!$K$8:$N$8)*(3/9),IF(A25="Cubs",AVERAGE('Bullpen Values'!$K$9:$N$9)*(3/9),IF(A25="White Sox",AVERAGE('Bullpen Values'!$K$10:$N$10)*(3/9),IF(A25="Reds",AVERAGE('Bullpen Values'!$K$11:$N$11)*(3/9),IF(A25="Indians",AVERAGE('Bullpen Values'!$K$12:$N$12)*(3/9),IF(A25="Rockies",AVERAGE('Bullpen Values'!$K$13:$N$13)*(3/9),IF(A25="Tigers",AVERAGE('Bullpen Values'!$K$14:$N$14)*(3/9),IF(A25="Astros",AVERAGE('Bullpen Values'!$K$15:$N$15)*(3/9),IF(A25="Royals",AVERAGE('Bullpen Values'!$K$16:$N$16)*(3/9),IF(A25="Angels",AVERAGE('Bullpen Values'!$K$17:$N$17)*(3/9),IF(A25="Dodgers",AVERAGE('Bullpen Values'!$K$18:$N$18)*(3/9),IF(A25="Marlins",AVERAGE('Bullpen Values'!$K$19:$N$19)*(3/9),IF(A25="Brewers",AVERAGE('Bullpen Values'!$K$20:$N$20)*(3/9),IF(A25="Twins",AVERAGE('Bullpen Values'!$K$21:$N$21)*(3/9),IF(A25="Mets",AVERAGE('Bullpen Values'!$K$22:$N$22)*(3/9),IF(A25="Yankees",AVERAGE('Bullpen Values'!$K$23:$N$23)*(3/9),IF(A25="Athletics",AVERAGE('Bullpen Values'!$K$24:$N$24)*(3/9),IF(A25="Phillies",AVERAGE('Bullpen Values'!$K$25:$N$25)*(3/9),IF(A25="Pirates",AVERAGE('Bullpen Values'!$K$26:$N$26)*(3/9),IF(A25="Padres",AVERAGE('Bullpen Values'!$K$27:$N$27)*(3/9),IF(A25="Giants",AVERAGE('Bullpen Values'!$K$28:$N$28)*(3/9),IF(A25="Mariners",AVERAGE('Bullpen Values'!$K$29:$N$29)*(3/9),IF(A25="Cardinals",AVERAGE('Bullpen Values'!$K$30:$N$30)*(3/9),IF(A25="Rays",AVERAGE('Bullpen Values'!$K$31:$N$31)*(3/9),IF(A25="Rangers",AVERAGE('Bullpen Values'!$K$32:$N$32)*(3/9),IF(A25="Blue Jays",AVERAGE('Bullpen Values'!$K$33:$N$33)*(3/9),IF(A25="Nationals",AVERAGE('Bullpen Values'!$K$34:$N$34)*(3/9))))))))))))))))))))))))))))))) -> 1.6911111 | B28: Bullpen Value | C28: =IF(C25="Diamondbacks", AVERAGE('Bullpen Values'!$K$5:$N$5)*(3/9), IF(C25="Braves",AVERAGE('Bullpen Values'!$K$6:$N$6)*(3/9),IF(C25="Orioles",AVERAGE('Bullpen Values'!$K$7:$N$7)*(3/9),IF(C25="Red Sox",AVERAGE('Bullpen Values'!$K$8:$N$8)*(3/9),IF(C25="Cubs",AVERAGE('Bullpen Values'!$K$9:$N$9)*(3/9),IF(C25="White Sox",AVERAGE('Bullpen Values'!$K$10:$N$10)*(3/9),IF(C25="Reds",AVERAGE('Bullpen Values'!$K$11:$N$11)*(3/9),IF(C25="Indians",AVERAGE('Bullpen Values'!$K$12:$N$12)*(3/9),IF(C25="Rockies",AVERAGE('Bullpen Values'!$K$13:$N$13)*(3/9),IF(C25="Tigers",AVERAGE('Bullpen Values'!$K$14:$N$14)*(3/9),IF(C25="Astros",AVERAGE('Bullpen Values'!$K$15:$N$15)*(3/9),IF(C25="Royals",AVERAGE('Bullpen Values'!$K$16:$N$16)*(3/9),IF(C25="Angels",AVERAGE('Bullpen Values'!$K$17:$N$17)*(3/9),IF(C25="Dodgers",AVERAGE('Bullpen Values'!$K$18:$N$18)*(3/9),IF(C25="Marlins",AVERAGE('Bullpen Values'!$K$19:$N$19)*(3/9),IF(C25="Brewers",AVERAGE('Bullpen Values'!$K$20:$N$20)*(3/9),IF(C25="Twins",AVERAGE('Bullpen Values'!$K$21:$N$21)*(3/9),IF(C25="Mets",AVERAGE('Bullpen Values'!$K$22:$N$22)*(3/9),IF(C25="Yankees",AVERAGE('Bullpen Values'!$K$23:$N$23)*(3/9),IF(C25="Athletics",AVERAGE('Bullpen Values'!$K$24:$N$24)*(3/9),IF(C25="Phillies",AVERAGE('Bullpen Values'!$K$25:$N$25)*(3/9),IF(C25="Pirates",AVERAGE('Bullpen Values'!$K$26:$N$26)*(3/9),IF(C25="Padres",AVERAGE('Bullpen Values'!$K$27:$N$27)*(3/9),IF(C25="Giants",AVERAGE('Bullpen Values'!$K$28:$N$28)*(3/9),IF(C25="Mariners",AVERAGE('Bullpen Values'!$K$29:$N$29)*(3/9),IF(C25="Cardinals",AVERAGE('Bullpen Values'!$K$30:$N$30)*(3/9),IF(C25="Rays",AVERAGE('Bullpen Values'!$K$31:$N$31)*(3/9),IF(C25="Rangers",AVERAGE('Bullpen Values'!$K$32:$N$32)*(3/9),IF(C25="Blue Jays",AVERAGE('Bullpen Values'!$K$33:$N$33)*(3/9),IF(C25="Nationals",AVERAGE('Bullpen Values'!$K$34:$N$34)*(3/9))))))))))))))))))))))))))))))) -> 1.4844444 | D28: =IF(D26=6.5,1.67,IF(D26=7,1.72,IF(D26=7.5,1.76,IF(D26=8,1.8,IF(D26=8.5,1.84,IF(D26=9,1.88,IF(D26=9.5,1.92,IF(D26=10,1.95,IF(D26=10.5,1.98,IF(D26=11,2.01,IF(D26=11.5,2.04,IF(D26=12,2.07,IF(D26=12.5,2.1,IF(D26=13,2.12)))))))))))))) -> 1.84 | E28: =IF(E25="Diamondbacks", AVERAGE('Bullpen Values'!$K$5:$N$5)*(3/9), IF(E25="Braves",AVERAGE('Bullpen Values'!$K$6:$N$6)*(3/9),IF(E25="Orioles",AVERAGE('Bullpen Values'!$K$7:$N$7)*(3/9),IF(E25="Red Sox",AVERAGE('Bullpen Values'!$K$8:$N$8)*(3/9),IF(E25="Cubs",AVERAGE('Bullpen Values'!$K$9:$N$9)*(3/9),IF(E25="White Sox",AVERAGE('Bullpen Values'!$K$10:$N$10)*(3/9),IF(E25="Reds",AVERAGE('Bullpen Values'!$K$11:$N$11)*(3/9),IF(E25="Indians",AVERAGE('Bullpen Values'!$K$12:$N$12)*(3/9),IF(E25="Rockies",AVERAGE('Bullpen Values'!$K$13:$N$13)*(3/9),IF(E25="Tigers",AVERAGE('Bullpen Values'!$K$14:$N$14)*(3/9),IF(E25="Astros",AVERAGE('Bullpen Values'!$K$15:$N$15)*(3/9),IF(E25="Royals",AVERAGE('Bullpen Values'!$K$16:$N$16)*(3/9),IF(E25="Angels",AVERAGE('Bullpen Values'!$K$17:$N$17)*(3/9),IF(E25="Dodgers",AVERAGE('Bullpen Values'!$K$18:$N$18)*(3/9),IF(E25="Marlins",AVERAGE('Bullpen Values'!$K$19:$N$19)*(3/9),IF(E25="Brewers",AVERAGE('Bullpen Values'!$K$20:$N$20)*(3/9),IF(E25="Twins",AVERAGE('Bullpen Values'!$K$21:$N$21)*(3/9),IF(E25="Mets",AVERAGE('Bullpen Values'!$K$22:$N$22)*(3/9),IF(E25="Yankees",AVERAGE('Bullpen Values'!$K$23:$N$23)*(3/9),IF(E25="Athletics",AVERAGE('Bullpen Values'!$K$24:$N$24)*(3/9),IF(E25="Phillies",AVERAGE('Bullpen Values'!$K$25:$N$25)*(3/9),IF(E25="Pirates",AVERAGE('Bullpen Values'!$K$26:$N$26)*(3/9),IF(E25="Padres",AVERAGE('Bullpen Values'!$K$27:$N$27)*(3/9),IF(E25="Giants",AVERAGE('Bullpen Values'!$K$28:$N$28)*(3/9),IF(E25="Mariners",AVERAGE('Bullpen Values'!$K$29:$N$29)*(3/9),IF(E25="Cardinals",AVERAGE('Bullpen Values'!$K$30:$N$30)*(3/9),IF(E25="Rays",AVERAGE('Bullpen Values'!$K$31:$N$31)*(3/9),IF(E25="Rangers",AVERAGE('Bullpen Values'!$K$32:$N$32)*(3/9),IF(E25="Blue Jays",AVERAGE('Bullpen Values'!$K$33:$N$33)*(3/9),IF(E25="Nationals",AVERAGE('Bullpen Values'!$K$34:$N$34)*(3/9))))))))))))))))))))))))))))))) -> 1.3233333 | F28: Bullpen Value | G28: =IF(G25="Diamondbacks", AVERAGE('Bullpen Values'!$K$5:$N$5)*(3/9), IF(G25="Braves",AVERAGE('Bullpen Values'!$K$6:$N$6)*(3/9),IF(G25="Orioles",AVERAGE('Bullpen Values'!$K$7:$N$7)*(3/9),IF(G25="Red Sox",AVERAGE('Bullpen Values'!$K$8:$N$8)*(3/9),IF(G25="Cubs",AVERAGE('Bullpen Values'!$K$9:$N$9)*(3/9),IF(G25="White Sox",AVERAGE('Bullpen Values'!$K$10:$N$10)*(3/9),IF(G25="Reds",AVERAGE('Bullpen Values'!$K$11:$N$11)*(3/9),IF(G25="Indians",AVERAGE('Bullpen Values'!$K$12:$N$12)*(3/9),IF(G25="Rockies",AVERAGE('Bullpen Values'!$K$13:$N$13)*(3/9),IF(G25="Tigers",AVERAGE('Bullpen Values'!$K$14:$N$14)*(3/9),IF(G25="Astros",AVERAGE('Bullpen Values'!$K$15:$N$15)*(3/9),IF(G25="Royals",AVERAGE('Bullpen Values'!$K$16:$N$16)*(3/9),IF(G25="Angels",AVERAGE('Bullpen Values'!$K$17:$N$17)*(3/9),IF(G25="Dodgers",AVERAGE('Bullpen Values'!$K$18:$N$18)*(3/9),IF(G25="Marlins",AVERAGE('Bullpen Values'!$K$19:$N$19)*(3/9),IF(G25="Brewers",AVERAGE('Bullpen Values'!$K$20:$N$20)*(3/9),IF(G25="Twins",AVERAGE('Bullpen Values'!$K$21:$N$21)*(3/9),IF(G25="Mets",AVERAGE('Bullpen Values'!$K$22:$N$22)*(3/9),IF(G25="Yankees",AVERAGE('Bullpen Values'!$K$23:$N$23)*(3/9),IF(G25="Athletics",AVERAGE('Bullpen Values'!$K$24:$N$24)*(3/9),IF(G25="Phillies",AVERAGE('Bullpen Values'!$K$25:$N$25)*(3/9),IF(G25="Pirates",AVERAGE('Bullpen Values'!$K$26:$N$26)*(3/9),IF(G25="Padres",AVERAGE('Bullpen Values'!$K$27:$N$27)*(3/9),IF(G25="Giants",AVERAGE('Bullpen Values'!$K$28:$N$28)*(3/9),IF(G25="Mariners",AVERAGE('Bullpen Values'!$K$29:$N$29)*(3/9),IF(G25="Cardinals",AVERAGE('Bullpen Values'!$K$30:$N$30)*(3/9),IF(G25="Rays",AVERAGE('Bullpen Values'!$K$31:$N$31)*(3/9),IF(G25="Rangers",AVERAGE('Bullpen Values'!$K$32:$N$32)*(3/9),IF(G25="Blue Jays",AVERAGE('Bullpen Values'!$K$33:$N$33)*(3/9),IF(G25="Nationals",AVERAGE('Bullpen Values'!$K$34:$N$34)*(3/9))))))))))))))))))))))))))))))) -> 1.6444444 | H28: =IF(H26=6.5,1.67,IF(H26=7,1.72,IF(H26=7.5,1.76,IF(H26=8,1.8,IF(H26=8.5,1.84,IF(H26=9,1.88,IF(H26=9.5,1.92,IF(H26=10,1.95,IF(H26=10.5,1.98,IF(H26=11,2.01,IF(H26=11.5,2.04,IF(H26=12,2.07,IF(H26=12.5,2.1,IF(H26=13,2.12)))))))))))))) -> 2.01 | I28: =IF(I25="Diamondbacks", AVERAGE('Bullpen Values'!$K$5:$N$5)*(3/9), IF(I25="Braves",AVERAGE('Bullpen Values'!$K$6:$N$6)*(3/9),IF(I25="Orioles",AVERAGE('Bullpen Values'!$K$7:$N$7)*(3/9),IF(I25="Red Sox",AVERAGE('Bullpen Values'!$K$8:$N$8)*(3/9),IF(I25="Cubs",AVERAGE('Bullpen Values'!$K$9:$N$9)*(3/9),IF(I25="White Sox",AVERAGE('Bullpen Values'!$K$10:$N$10)*(3/9),IF(I25="Reds",AVERAGE('Bullpen Values'!$K$11:$N$11)*(3/9),IF(I25="Indians",AVERAGE('Bullpen Values'!$K$12:$N$12)*(3/9),IF(I25="Rockies",AVERAGE('Bullpen Values'!$K$13:$N$13)*(3/9),IF(I25="Tigers",AVERAGE('Bullpen Values'!$K$14:$N$14)*(3/9),IF(I25="Astros",AVERAGE('Bullpen Values'!$K$15:$N$15)*(3/9),IF(I25="Royals",AVERAGE('Bullpen Values'!$K$16:$N$16)*(3/9),IF(I25="Angels",AVERAGE('Bullpen Values'!$K$17:$N$17)*(3/9),IF(I25="Dodgers",AVERAGE('Bullpen Values'!$K$18:$N$18)*(3/9),IF(I25="Marlins",AVERAGE('Bullpen Values'!$K$19:$N$19)*(3/9),IF(I25="Brewers",AVERAGE('Bullpen Values'!$K$20:$N$20)*(3/9),IF(I25="Twins",AVERAGE('Bullpen Values'!$K$21:$N$21)*(3/9),IF(I25="Mets",AVERAGE('Bullpen Values'!$K$22:$N$22)*(3/9),IF(I25="Yankees",AVERAGE('Bullpen Values'!$K$23:$N$23)*(3/9),IF(I25="Athletics",AVERAGE('Bullpen Values'!$K$24:$N$24)*(3/9),IF(I25="Phillies",AVERAGE('Bullpen Values'!$K$25:$N$25)*(3/9),IF(I25="Pirates",AVERAGE('Bullpen Values'!$K$26:$N$26)*(3/9),IF(I25="Padres",AVERAGE('Bullpen Values'!$K$27:$N$27)*(3/9),IF(I25="Giants",AVERAGE('Bullpen Values'!$K$28:$N$28)*(3/9),IF(I25="Mariners",AVERAGE('Bullpen Values'!$K$29:$N$29)*(3/9),IF(I25="Cardinals",AVERAGE('Bullpen Values'!$K$30:$N$30)*(3/9),IF(I25="Rays",AVERAGE('Bullpen Values'!$K$31:$N$31)*(3/9),IF(I25="Rangers",AVERAGE('Bullpen Values'!$K$32:$N$32)*(3/9),IF(I25="Blue Jays",AVERAGE('Bullpen Values'!$K$33:$N$33)*(3/9),IF(I25="Nationals",AVERAGE('Bullpen Values'!$K$34:$N$34)*(3/9))))))))))))))))))))))))))))))) -> 1.4444444 | J28: Bullpen Value | K28: =IF(K25="Diamondbacks", AVERAGE('Bullpen Values'!$K$5:$N$5)*(3/9), IF(K25="Braves",AVERAGE('Bullpen Values'!$K$6:$N$6)*(3/9),IF(K25="Orioles",AVERAGE('Bullpen Values'!$K$7:$N$7)*(3/9),IF(K25="Red Sox",AVERAGE('Bullpen Values'!$K$8:$N$8)*(3/9),IF(K25="Cubs",AVERAGE('Bullpen Values'!$K$9:$N$9)*(3/9),IF(K25="White Sox",AVERAGE('Bullpen Values'!$K$10:$N$10)*(3/9),IF(K25="Reds",AVERAGE('Bullpen Values'!$K$11:$N$11)*(3/9),IF(K25="Indians",AVERAGE('Bullpen Values'!$K$12:$N$12)*(3/9),IF(K25="Rockies",AVERAGE('Bullpen Values'!$K$13:$N$13)*(3/9),IF(K25="Tigers",AVERAGE('Bullpen Values'!$K$14:$N$14)*(3/9),IF(K25="Astros",AVERAGE('Bullpen Values'!$K$15:$N$15)*(3/9),IF(K25="Royals",AVERAGE('Bullpen Values'!$K$16:$N$16)*(3/9),IF(K25="Angels",AVERAGE('Bullpen Values'!$K$17:$N$17)*(3/9),IF(K25="Dodgers",AVERAGE('Bullpen Values'!$K$18:$N$18)*(3/9),IF(K25="Marlins",AVERAGE('Bullpen Values'!$K$19:$N$19)*(3/9),IF(K25="Brewers",AVERAGE('Bullpen Values'!$K$20:$N$20)*(3/9),IF(K25="Twins",AVERAGE('Bullpen Values'!$K$21:$N$21)*(3/9),IF(K25="Mets",AVERAGE('Bullpen Values'!$K$22:$N$22)*(3/9),IF(K25="Yankees",AVERAGE('Bullpen Values'!$K$23:$N$23)*(3/9),IF(K25="Athletics",AVERAGE('Bullpen Values'!$K$24:$N$24)*(3/9),IF(K25="Phillies",AVERAGE('Bullpen Values'!$K$25:$N$25)*(3/9),IF(K25="Pirates",AVERAGE('Bullpen Values'!$K$26:$N$26)*(3/9),IF(K25="Padres",AVERAGE('Bullpen Values'!$K$27:$N$27)*(3/9),IF(K25="Giants",AVERAGE('Bullpen Values'!$K$28:$N$28)*(3/9),IF(K25="Mariners",AVERAGE('Bullpen Values'!$K$29:$N$29)*(3/9),IF(K25="Cardinals",AVERAGE('Bullpen Values'!$K$30:$N$30)*(3/9),IF(K25="Rays",AVERAGE('Bullpen Values'!$K$31:$N$31)*(3/9),IF(K25="Rangers",AVERAGE('Bullpen Values'!$K$32:$N$32)*(3/9),IF(K25="Blue Jays",AVERAGE('Bullpen Values'!$K$33:$N$33)*(3/9),IF(K25="Nationals",AVERAGE('Bullpen Values'!$K$34:$N$34)*(3/9))))))))))))))))))))))))))))))) -> 1.5422222 | L28: =IF(L26=6.5,1.67,IF(L26=7,1.72,IF(L26=7.5,1.76,IF(L26=8,1.8,IF(L26=8.5,1.84,IF(L26=9,1.88,IF(L26=9.5,1.92,IF(L26=10,1.95,IF(L26=10.5,1.98,IF(L26=11,2.01,IF(L26=11.5,2.04,IF(L26=12,2.07,IF(L26=12.5,2.1,IF(L26=13,2.12)))))))))))))) -> 1.88
A29: =(A27+A28)/$M$4 -> 1.2636488 | B29: Pitching Value | C29: =(C27+C28)/$M$4 -> 1.0237311 | E29: =(E27+E28)/$M$4 -> 1.0436214 | F29: Pitching Value | G29: =(G27+G28)/$M$4 -> 1.0504801 | I29: =(I27+I28)/$M$4 -> 1.0973937 | J29: Pitching Value | K29: =(K27+K28)/$M$4 -> 0.95528121
A30: =A26*C29*$M$6 -> 4.6626064 | B30: xRuns | C30: =C26*A29*$M$6 -> 5.455439 | E30: =E26*G29*$M$6 -> 4.681639 | F30: xRuns | G30: =G26*E29*$M$6 -> 4.3769517 | I30: =I26*K29*$M$6 -> 3.9056859 | J30: xRuns | K30: =K26*I29*$M$6 -> 4.7398576
A31: =POWER(A30,D28)/(POWER(A30,D28)+(POWER(C30,D28))) -> 0.42826075 | B31: Win % | C31: =POWER(C30,D28)/(POWER(C30,D28)+(POWER(A30,D28))) -> 0.57173925 | E31: =POWER(E30,H28)/(POWER(E30,H28)+(POWER(G30,H28))) -> 0.53376464 | F31: Win % | G31: =POWER(G30,H28)/(POWER(G30,H28)+(POWER(E30,H28))) -> 0.46623536 | I31: =POWER(I30,L28)/(POWER(I30,L28)+(POWER(K30,L28))) -> 0.41001133 | J31: Win % | K31: =POWER(K30,L28)/(POWER(K30,L28)+(POWER(I30,L28))) -> 0.58998867
A32: =IF(A31<0.5,100/(A31/1)-100,((A31*100)/(1-(A31/1)))*-1) -> 133.5026 | B32: "True" Odds | C32: =IF(C31<0.5,100/(C31/1)-100,((C31*100)/(1-(C31/1)))*-1) -> -133.5026 | E32: =IF(E31<0.5,100/(E31/1)-100,((E31*100)/(1-(E31/1)))*-1) -> -114.48395 | F32: "True" Odds | G32: =IF(G31<0.5,100/(G31/1)-100,((G31*100)/(1-(G31/1)))*-1) -> 114.48395 | I32: =IF(I31<0.5,100/(I31/1)-100,((I31*100)/(1-(I31/1)))*-1) -> 143.8957 | J32: "True" Odds | K32: =IF(K31<0.5,100/(K31/1)-100,((K31*100)/(1-(K31/1)))*-1) -> -143.8957
A33: Mets | B33: Teams | C33: Padres | D33: Game Total | E33: Athletics | F33: Teams | G33: Rockies | H33: Game Total | I33: Mariners | J33: Teams | K33: Angels | L33: Game Total
A34: =IF(A33="Diamondbacks",('Offensive Values'!$P$2+'Offensive Values'!$Q$2)/2,IF(A33="Braves",('Offensive Values'!$P$3+'Offensive Values'!$Q$3)/2,IF(A33="Orioles",('Offensive Values'!$P$4+'Offensive Values'!$Q$4)/2,IF(A33="Red Sox",('Offensive Values'!$P$5+'Offensive Values'!$Q$5)/2,IF(A33="Cubs",('Offensive Values'!$P$6+'Offensive Values'!$Q$6)/2,IF(A33="White Sox",('Offensive Values'!$P$7+'Offensive Values'!$Q$7)/2,IF(A33="Reds",('Offensive Values'!$P$8+'Offensive Values'!$Q$8)/2,IF(A33="Indians",('Offensive Values'!$P$9+'Offensive Values'!$Q$9)/2,IF(A33="Rockies",('Offensive Values'!$P$10+'Offensive Values'!$Q$10)/2,IF(A33="Tigers",('Offensive Values'!$P$11+'Offensive Values'!$Q$11)/2,IF(A33="Astros",('Offensive Values'!$P$12+'Offensive Values'!$Q$12)/2,IF(A33="Royals",('Offensive Values'!$P$13+'Offensive Values'!$Q$13)/2,IF(A33="Angels",('Offensive Values'!$P$14+'Offensive Values'!$Q$14)/2,IF(A33="Dodgers",('Offensive Values'!$P$15+'Offensive Values'!$Q$15)/2,IF(A33="Marlins",('Offensive Values'!$P$16+'Offensive Values'!$Q$16)/2,IF(A33="Brewers",('Offensive Values'!$P$17+'Offensive Values'!$Q$17)/2,IF(A33="Twins",('Offensive Values'!$P$18+'Offensive Values'!$Q$18)/2,IF(A33="Mets",('Offensive Values'!$P$19+'Offensive Values'!$Q$19)/2,IF(A33="Yankees",('Offensive Values'!$P$20+'Offensive Values'!$Q$20)/2,IF(A33="Athletics",('Offensive Values'!$P$21+'Offensive Values'!$Q$21)/2,IF(A33="Phillies",('Offensive Values'!$P$22+'Offensive Values'!$Q$22)/2,IF(A33="Pirates",('Offensive Values'!$P$23+'Offensive Values'!$Q$23)/2,IF(A33="Padres",('Offensive Values'!$P$24+'Offensive Values'!$Q$24)/2,IF(A33="Giants",('Offensive Values'!$P$25+'Offensive Values'!$Q$25)/2,IF(A33="Mariners",('Offensive Values'!$P$26+'Offensive Values'!$Q$26)/2,IF(A33="Cardinals",('Offensive Values'!$P$27+'Offensive Values'!$Q$27)/2,IF(A33="Rays",('Offensive Values'!$P$28+'Offensive Values'!$Q$28)/2,IF(A33="Rangers",('Offensive Values'!$P$29+'Offensive Values'!$Q$29)/2,IF(A33="Blue Jays",('Offensive Values'!$P$30+'Offensive Values'!$Q$30)/2,IF(A33="Nationals",('Offensive Values'!$P$31+'Offensive Values'!$Q$31)/2)))))))))))))))))))))))))))))) -> 0.97760138 | B34: Offensive Value | C34: =IF(C33="Diamondbacks",('Offensive Values'!$P$2+'Offensive Values'!$Q$2)/2,IF(C33="Braves",('Offensive Values'!$P$3+'Offensive Values'!$Q$3)/2,IF(C33="Orioles",('Offensive Values'!$P$4+'Offensive Values'!$Q$4)/2,IF(C33="Red Sox",('Offensive Values'!$P$5+'Offensive Values'!$Q$5)/2,IF(C33="Cubs",('Offensive Values'!$P$6+'Offensive Values'!$Q$6)/2,IF(C33="White Sox",('Offensive Values'!$P$7+'Offensive Values'!$Q$7)/2,IF(C33="Reds",('Offensive Values'!$P$8+'Offensive Values'!$Q$8)/2,IF(C33="Indians",('Offensive Values'!$P$9+'Offensive Values'!$Q$9)/2,IF(C33="Rockies",('Offensive Values'!$P$10+'Offensive Values'!$Q$10)/2,IF(C33="Tigers",('Offensive Values'!$P$11+'Offensive Values'!$Q$11)/2,IF(C33="Astros",('Offensive Values'!$P$12+'Offensive Values'!$Q$12)/2,IF(C33="Royals",('Offensive Values'!$P$13+'Offensive Values'!$Q$13)/2,IF(C33="Angels",('Offensive Values'!$P$14+'Offensive Values'!$Q$14)/2,IF(C33="Dodgers",('Offensive Values'!$P$15+'Offensive Values'!$Q$15)/2,IF(C33="Marlins",('Offensive Values'!$P$16+'Offensive Values'!$Q$16)/2,IF(C33="Brewers",('Offensive Values'!$P$17+'Offensive Values'!$Q$17)/2,IF(C33="Twins",('Offensive Values'!$P$18+'Offensive Values'!$Q$18)/2,IF(C33="Mets",('Offensive Values'!$P$19+'Offensive Values'!$Q$19)/2,IF(C33="Yankees",('Offensive Values'!$P$20+'Offensive Values'!$Q$20)/2,IF(C33="Athletics",('Offensive Values'!$P$21+'Offensive Values'!$Q$21)/2,IF(C33="Phillies",('Offensive Values'!$P$22+'Offensive Values'!$Q$22)/2,IF(C33="Pirates",('Offensive Values'!$P$23+'Offensive Values'!$Q$23)/2,IF(C33="Padres",('Offensive Values'!$P$24+'Offensive Values'!$Q$24)/2,IF(C33="Giants",('Offensive Values'!$P$25+'Offensive Values'!$Q$25)/2,IF(C33="Mariners",('Offensive Values'!$P$26+'Offensive Values'!$Q$26)/2,IF(C33="Cardinals",('Offensive Values'!$P$27+'Offensive Values'!$Q$27)/2,IF(C33="Rays",('Offensive Values'!$P$28+'Offensive Values'!$Q$28)/2,IF(C33="Rangers",('Offensive Values'!$P$29+'Offensive Values'!$Q$29)/2,IF(C33="Blue Jays",('Offensive Values'!$P$30+'Offensive Values'!$Q$30)/2,IF(C33="Nationals",('Offensive Values'!$P$31+'Offensive Values'!$Q$31)/2)))))))))))))))))))))))))))))) -> 0.9952068 | D34: 7 | E34: =IF(E33="Diamondbacks",('Offensive Values'!$P$2+'Offensive Values'!$Q$2)/2,IF(E33="Braves",('Offensive Values'!$P$3+'Offensive Values'!$Q$3)/2,IF(E33="Orioles",('Offensive Values'!$P$4+'Offensive Values'!$Q$4)/2,IF(E33="Red Sox",('Offensive Values'!$P$5+'Offensive Values'!$Q$5)/2,IF(E33="Cubs",('Offensive Values'!$P$6+'Offensive Values'!$Q$6)/2,IF(E33="White Sox",('Offensive Values'!$P$7+'Offensive Values'!$Q$7)/2,IF(E33="Reds",('Offensive Values'!$P$8+'Offensive Values'!$Q$8)/2,IF(E33="Indians",('Offensive Values'!$P$9+'Offensive Values'!$Q$9)/2,IF(E33="Rockies",('Offensive Values'!$P$10+'Offensive Values'!$Q$10)/2,IF(E33="Tigers",('Offensive Values'!$P$11+'Offensive Values'!$Q$11)/2,IF(E33="Astros",('Offensive Values'!$P$12+'Offensive Values'!$Q$12)/2,IF(E33="Royals",('Offensive Values'!$P$13+'Offensive Values'!$Q$13)/2,IF(E33="Angels",('Offensive Values'!$P$14+'Offensive Values'!$Q$14)/2,IF(E33="Dodgers",('Offensive Values'!$P$15+'Offensive Values'!$Q$15)/2,IF(E33="Marlins",('Offensive Values'!$P$16+'Offensive Values'!$Q$16)/2,IF(E33="Brewers",('Offensive Values'!$P$17+'Offensive Values'!$Q$17)/2,IF(E33="Twins",('Offensive Values'!$P$18+'Offensive Values'!$Q$18)/2,IF(E33="Mets",('Offensive Values'!$P$19+'Offensive Values'!$Q$19)/2,IF(E33="Yankees",('Offensive Values'!$P$20+'Offensive Values'!$Q$20)/2,IF(E33="Athletics",('Offensive Values'!$P$21+'Offensive Values'!$Q$21)/2,IF(E33="Phillies",('Offensive Values'!$P$22+'Offensive Values'!$Q$22)/2,IF(E33="Pirates",('Offensive Values'!$P$23+'Offensive Values'!$Q$23)/2,IF(E33="Padres",('Offensive Values'!$P$24+'Offensive Values'!$Q$24)/2,IF(E33="Giants",('Offensive Values'!$P$25+'Offensive Values'!$Q$25)/2,IF(E33="Mariners",('Offensive Values'!$P$26+'Offensive Values'!$Q$26)/2,IF(E33="Cardinals",('Offensive Values'!$P$27+'Offensive Values'!$Q$27)/2,IF(E33="Rays",('Offensive Values'!$P$28+'Offensive Values'!$Q$28)/2,IF(E33="Rangers",('Offensive Values'!$P$29+'Offensive Values'!$Q$29)/2,IF(E33="Blue Jays",('Offensive Values'!$P$30+'Offensive Values'!$Q$30)/2,IF(E33="Nationals",('Offensive Values'!$P$31+'Offensive Values'!$Q$31)/2)))))))))))))))))))))))))))))) -> 1.0221711 | F34: Offensive Value | G34: =IF(G33="Diamondbacks",('Offensive Values'!$P$2+'Offensive Values'!$Q$2)/2,IF(G33="Braves",('Offensive Values'!$P$3+'Offensive Values'!$Q$3)/2,IF(G33="Orioles",('Offensive Values'!$P$4+'Offensive Values'!$Q$4)/2,IF(G33="Red Sox",('Offensive Values'!$P$5+'Offensive Values'!$Q$5)/2,IF(G33="Cubs",('Offensive Values'!$P$6+'Offensive Values'!$Q$6)/2,IF(G33="White Sox",('Offensive Values'!$P$7+'Offensive Values'!$Q$7)/2,IF(G33="Reds",('Offensive Values'!$P$8+'Offensive Values'!$Q$8)/2,IF(G33="Indians",('Offensive Values'!$P$9+'Offensive Values'!$Q$9)/2,IF(G33="Rockies",('Offensive Values'!$P$10+'Offensive Values'!$Q$10)/2,IF(G33="Tigers",('Offensive Values'!$P$11+'Offensive Values'!$Q$11)/2,IF(G33="Astros",('Offensive Values'!$P$12+'Offensive Values'!$Q$12)/2,IF(G33="Royals",('Offensive Values'!$P$13+'Offensive Values'!$Q$13)/2,IF(G33="Angels",('Offensive Values'!$P$14+'Offensive Values'!$Q$14)/2,IF(G33="Dodgers",('Offensive Values'!$P$15+'Offensive Values'!$Q$15)/2,IF(G33="Marlins",('Offensive Values'!$P$16+'Offensive Values'!$Q$16)/2,IF(G33="Brewers",('Offensive Values'!$P$17+'Offensive Values'!$Q$17)/2,IF(G33="Twins",('Offensive Values'!$P$18+'Offensive Values'!$Q$18)/2,IF(G33="Mets",('Offensive Values'!$P$19+'Offensive Values'!$Q$19)/2,IF(G33="Yankees",('Offensive Values'!$P$20+'Offensive Values'!$Q$20)/2,IF(G33="Athletics",('Offensive Values'!$P$21+'Offensive Values'!$Q$21)/2,IF(G33="Phillies",('Offensive Values'!$P$22+'Offensive Values'!$Q$22)/2,IF(G33="Pirates",('Offensive Values'!$P$23+'Offensive Values'!$Q$23)/2,IF(G33="Padres",('Offensive Values'!$P$24+'Offensive Values'!$Q$24)/2,IF(G33="Giants",('Offensive Values'!$P$25+'Offensive Values'!$Q$25)/2,IF(G33="Mariners",('Offensive Values'!$P$26+'Offensive Values'!$Q$26)/2,IF(G33="Cardinals",('Offensive Values'!$P$27+'Offensive Values'!$Q$27)/2,IF(G33="Rays",('Offensive Values'!$P$28+'Offensive Values'!$Q$28)/2,IF(G33="Rangers",('Offensive Values'!$P$29+'Offensive Values'!$Q$29)/2,IF(G33="Blue Jays",('Offensive Values'!$P$30+'Offensive Values'!$Q$30)/2,IF(G33="Nationals",('Offensive Values'!$P$31+'Offensive Values'!$Q$31)/2)))))))))))))))))))))))))))))) -> 0.96192739 | I34: =IF(I33="Diamondbacks",('Offensive Values'!$P$2+'Offensive Values'!$Q$2)/2,IF(I33="Braves",('Offensive Values'!$P$3+'Offensive Values'!$Q$3)/2,IF(I33="Orioles",('Offensive Values'!$P$4+'Offensive Values'!$Q$4)/2,IF(I33="Red Sox",('Offensive Values'!$P$5+'Offensive Values'!$Q$5)/2,IF(I33="Cubs",('Offensive Values'!$P$6+'Offensive Values'!$Q$6)/2,IF(I33="White Sox",('Offensive Values'!$P$7+'Offensive Values'!$Q$7)/2,IF(I33="Reds",('Offensive Values'!$P$8+'Offensive Values'!$Q$8)/2,IF(I33="Indians",('Offensive Values'!$P$9+'Offensive Values'!$Q$9)/2,IF(I33="Rockies",('Offensive Values'!$P$10+'Offensive Values'!$Q$10)/2,IF(I33="Tigers",('Offensive Values'!$P$11+'Offensive Values'!$Q$11)/2,IF(I33="Astros",('Offensive Values'!$P$12+'Offensive Values'!$Q$12)/2,IF(I33="Royals",('Offensive Values'!$P$13+'Offensive Values'!$Q$13)/2,IF(I33="Angels",('Offensive Values'!$P$14+'Offensive Values'!$Q$14)/2,IF(I33="Dodgers",('Offensive Values'!$P$15+'Offensive Values'!$Q$15)/2,IF(I33="Marlins",('Offensive Values'!$P$16+'Offensive Values'!$Q$16)/2,IF(I33="Brewers",('Offensive Values'!$P$17+'Offensive Values'!$Q$17)/2,IF(I33="Twins",('Offensive Values'!$P$18+'Offensive Values'!$Q$18)/2,IF(I33="Mets",('Offensive Values'!$P$19+'Offensive Values'!$Q$19)/2,IF(I33="Yankees",('Offensive Values'!$P$20+'Offensive Values'!$Q$20)/2,IF(I33="Athletics",('Offensive Values'!$P$21+'Offensive Values'!$Q$21)/2,IF(I33="Phillies",('Offensive Values'!$P$22+'Offensive Values'!$Q$22)/2,IF(I33="Pirates",('Offensive Values'!$P$23+'Offensive Values'!$Q$23)/2,IF(I33="Padres",('Offensive Values'!$P$24+'Offensive Values'!$Q$24)/2,IF(I33="Giants",('Offensive Values'!$P$25+'Offensive Values'!$Q$25)/2,IF(I33="Mariners",('Offensive Values'!$P$26+'Offensive Values'!$Q$26)/2,IF(I33="Cardinals",('Offensive Values'!$P$27+'Offensive Values'!$Q$27)/2,IF(I33="Rays",('Offensive Values'!$P$28+'Offensive Values'!$Q$28)/2,IF(I33="Rangers",('Offensive Values'!$P$29+'Offensive Values'!$Q$29)/2,IF(I33="Blue Jays",('Offensive Values'!$P$30+'Offensive Values'!$Q$30)/2,IF(I33="Nationals",('Offensive Values'!$P$31+'Offensive Values'!$Q$31)/2)))))))))))))))))))))))))))))) -> 0.93773385 | J34: Offensive Value | K34: =IF(K33="Diamondbacks",('Offensive Values'!$P$2+'Offensive Values'!$Q$2)/2,IF(K33="Braves",('Offensive Values'!$P$3+'Offensive Values'!$Q$3)/2,IF(K33="Orioles",('Offensive Values'!$P$4+'Offensive Values'!$Q$4)/2,IF(K33="Red Sox",('Offensive Values'!$P$5+'Offensive Values'!$Q$5)/2,IF(K33="Cubs",('Offensive Values'!$P$6+'Offensive Values'!$Q$6)/2,IF(K33="White Sox",('Offensive Values'!$P$7+'Offensive Values'!$Q$7)/2,IF(K33="Reds",('Offensive Values'!$P$8+'Offensive Values'!$Q$8)/2,IF(K33="Indians",('Offensive Values'!$P$9+'Offensive Values'!$Q$9)/2,IF(K33="Rockies",('Offensive Values'!$P$10+'Offensive Values'!$Q$10)/2,IF(K33="Tigers",('Offensive Values'!$P$11+'Offensive Values'!$Q$11)/2,IF(K33="Astros",('Offensive Values'!$P$12+'Offensive Values'!$Q$12)/2,IF(K33="Royals",('Offensive Values'!$P$13+'Offensive Values'!$Q$13)/2,IF(K33="Angels",('Offensive Values'!$P$14+'Offensive Values'!$Q$14)/2,IF(K33="Dodgers",('Offensive Values'!$P$15+'Offensive Values'!$Q$15)/2,IF(K33="Marlins",('Offensive Values'!$P$16+'Offensive Values'!$Q$16)/2,IF(K33="Brewers",('Offensive Values'!$P$17+'Offensive Values'!$Q$17)/2,IF(K33="Twins",('Offensive Values'!$P$18+'Offensive Values'!$Q$18)/2,IF(K33="Mets",('Offensive Values'!$P$19+'Offensive Values'!$Q$19)/2,IF(K33="Yankees",('Offensive Values'!$P$20+'Offensive Values'!$Q$20)/2,IF(K33="Athletics",('Offensive Values'!$P$21+'Offensive Values'!$Q$21)/2,IF(K33="Phillies",('Offensive Values'!$P$22+'Offensive Values'!$Q$22)/2,IF(K33="Pirates",('Offensive Values'!$P$23+'Offensive Values'!$Q$23)/2,IF(K33="Padres",('Offensive Values'!$P$24+'Offensive Values'!$Q$24)/2,IF(K33="Giants",('Offensive Values'!$P$25+'Offensive Values'!$Q$25)/2,IF(K33="Mariners",('Offensive Values'!$P$26+'Offensive Values'!$Q$26)/2,IF(K33="Cardinals",('Offensive Values'!$P$27+'Offensive Values'!$Q$27)/2,IF(K33="Rays",('Offensive Values'!$P$28+'Offensive Values'!$Q$28)/2,IF(K33="Rangers",('Offensive Values'!$P$29+'Offensive Values'!$Q$29)/2,IF(K33="Blue Jays",('Offensive Values'!$P$30+'Offensive Values'!$Q$30)/2,IF(K33="Nationals",('Offensive Values'!$P$31+'Offensive Values'!$Q$31)/2)))))))))))))))))))))))))))))) -> 0.99064112
A35: =AVERAGE(4.5)*(6/9) -> 3 | B35: Starting Pitcher | C35: =AVERAGE('Starting Pitchers'!B14:E14)*(6/9) -> 3.08 | D35: Exponent | E35: =AVERAGE('Starting Pitchers'!$B$3:$E$3)*(6/9) -> 2.3266667 | F35: Starting Pitcher | G35: =AVERAGE('Starting Pitchers'!$B$3:$E$3)*(6/9) -> 2.3266667 | H35: Exponent | I35: =AVERAGE(4.5)*(6/9) -> 3 | J35: Starting Pitcher | K35: =AVERAGE('Starting Pitchers'!B127:E127)*(6/9) -> 2.3433333 | L35: Exponent
A36: =IF(A33="Diamondbacks", AVERAGE('Bullpen Values'!$K$5:$N$5)*(3/9), IF(A33="Braves",AVERAGE('Bullpen Values'!$K$6:$N$6)*(3/9),IF(A33="Orioles",AVERAGE('Bullpen Values'!$K$7:$N$7)*(3/9),IF(A33="Red Sox",AVERAGE('Bullpen Values'!$K$8:$N$8)*(3/9),IF(A33="Cubs",AVERAGE('Bullpen Values'!$K$9:$N$9)*(3/9),IF(A33="White Sox",AVERAGE('Bullpen Values'!$K$10:$N$10)*(3/9),IF(A33="Reds",AVERAGE('Bullpen Values'!$K$11:$N$11)*(3/9),IF(A33="Indians",AVERAGE('Bullpen Values'!$K$12:$N$12)*(3/9),IF(A33="Rockies",AVERAGE('Bullpen Values'!$K$13:$N$13)*(3/9),IF(A33="Tigers",AVERAGE('Bullpen Values'!$K$14:$N$14)*(3/9),IF(A33="Astros",AVERAGE('Bullpen Values'!$K$15:$N$15)*(3/9),IF(A33="Royals",AVERAGE('Bullpen Values'!$K$16:$N$16)*(3/9),IF(A33="Angels",AVERAGE('Bullpen Values'!$K$17:$N$17)*(3/9),IF(A33="Dodgers",AVERAGE('Bullpen Values'!$K$18:$N$18)*(3/9),IF(A33="Marlins",AVERAGE('Bullpen Values'!$K$19:$N$19)*(3/9),IF(A33="Brewers",AVERAGE('Bullpen Values'!$K$20:$N$20)*(3/9),IF(A33="Twins",AVERAGE('Bullpen Values'!$K$21:$N$21)*(3/9),IF(A33="Mets",AVERAGE('Bullpen Values'!$K$22:$N$22)*(3/9),IF(A33="Yankees",AVERAGE('Bullpen Values'!$K$23:$N$23)*(3/9),IF(A33="Athletics",AVERAGE('Bullpen Values'!$K$24:$N$24)*(3/9),IF(A33="Phillies",AVERAGE('Bullpen Values'!$K$25:$N$25)*(3/9),IF(A33="Pirates",AVERAGE('Bullpen Values'!$K$26:$N$26)*(3/9),IF(A33="Padres",AVERAGE('Bullpen Values'!$K$27:$N$27)*(3/9),IF(A33="Giants",AVERAGE('Bullpen Values'!$K$28:$N$28)*(3/9),IF(A33="Mariners",AVERAGE('Bullpen Values'!$K$29:$N$29)*(3/9),IF(A33="Cardinals",AVERAGE('Bullpen Values'!$K$30:$N$30)*(3/9),IF(A33="Rays",AVERAGE('Bullpen Values'!$K$31:$N$31)*(3/9),IF(A33="Rangers",AVERAGE('Bullpen Values'!$K$32:$N$32)*(3/9),IF(A33="Blue Jays",AVERAGE('Bullpen Values'!$K$33:$N$33)*(3/9),IF(A33="Nationals",AVERAGE('Bullpen Values'!$K$34:$N$34)*(3/9))))))))))))))))))))))))))))))) -> 1.1388889 | B36: Bullpen Value | C36: =IF(C33="Diamondbacks", AVERAGE('Bullpen Values'!$K$5:$N$5)*(3/9), IF(C33="Braves",AVERAGE('Bullpen Values'!$K$6:$N$6)*(3/9),IF(C33="Orioles",AVERAGE('Bullpen Values'!$K$7:$N$7)*(3/9),IF(C33="Red Sox",AVERAGE('Bullpen Values'!$K$8:$N$8)*(3/9),IF(C33="Cubs",AVERAGE('Bullpen Values'!$K$9:$N$9)*(3/9),IF(C33="White Sox",AVERAGE('Bullpen Values'!$K$10:$N$10)*(3/9),IF(C33="Reds",AVERAGE('Bullpen Values'!$K$11:$N$11)*(3/9),IF(C33="Indians",AVERAGE('Bullpen Values'!$K$12:$N$12)*(3/9),IF(C33="Rockies",AVERAGE('Bullpen Values'!$K$13:$N$13)*(3/9),IF(C33="Tigers",AVERAGE('Bullpen Values'!$K$14:$N$14)*(3/9),IF(C33="Astros",AVERAGE('Bullpen Values'!$K$15:$N$15)*(3/9),IF(C33="Royals",AVERAGE('Bullpen Values'!$K$16:$N$16)*(3/9),IF(C33="Angels",AVERAGE('Bullpen Values'!$K$17:$N$17)*(3/9),IF(C33="Dodgers",AVERAGE('Bullpen Values'!$K$18:$N$18)*(3/9),IF(C33="Marlins",AVERAGE('Bullpen Values'!$K$19:$N$19)*(3/9),IF(C33="Brewers",AVERAGE('Bullpen Values'!$K$20:$N$20)*(3/9),IF(C33="Twins",AVERAGE('Bullpen Values'!$K$21:$N$21)*(3/9),IF(C33="Mets",AVERAGE('Bullpen Values'!$K$22:$N$22)*(3/9),IF(C33="Yankees",AVERAGE('Bullpen Values'!$K$23:$N$23)*(3/9),IF(C33="Athletics",AVERAGE('Bullpen Values'!$K$24:$N$24)*(3/9),IF(C33="Phillies",AVERAGE('Bullpen Values'!$K$25:$N$25)*(3/9),IF(C33="Pirates",AVERAGE('Bullpen Values'!$K$26:$N$26)*(3/9),IF(C33="Padres",AVERAGE('Bullpen Values'!$K$27:$N$27)*(3/9),IF(C33="Giants",AVERAGE('Bullpen Values'!$K$28:$N$28)*(3/9),IF(C33="Mariners",AVERAGE('Bullpen Values'!$K$29:$N$29)*(3/9),IF(C33="Cardinals",AVERAGE('Bullpen Values'!$K$30:$N$30)*(3/9),IF(C33="Rays",AVERAGE('Bullpen Values'!$K$31:$N$31)*(3/9),IF(C33="Rangers",AVERAGE('Bullpen Values'!$K$32:$N$32)*(3/9),IF(C33="Blue Jays",AVERAGE('Bullpen Values'!$K$33:$N$33)*(3/9),IF(C33="Nationals",AVERAGE('Bullpen Values'!$K$34:$N$34)*(3/9))))))))))))))))))))))))))))))) -> 1.0788889 | D36: =IF(D34=6.5,1.67,IF(D34=7,1.72,IF(D34=7.5,1.76,IF(D34=8,1.8,IF(D34=8.5,1.84,IF(D34=9,1.88,IF(D34=9.5,1.92,IF(D34=10,1.95,IF(D34=10.5,1.98,IF(D34=11,2.01,IF(D34=11.5,2.04,IF(D34=12,2.07,IF(D34=12.5,2.1,IF(D34=13,2.12)))))))))))))) -> 1.72 | E36: =IF(E33="Diamondbacks", AVERAGE('Bullpen Values'!$K$5:$N$5)*(3/9), IF(E33="Braves",AVERAGE('Bullpen Values'!$K$6:$N$6)*(3/9),IF(E33="Orioles",AVERAGE('Bullpen Values'!$K$7:$N$7)*(3/9),IF(E33="Red Sox",AVERAGE('Bullpen Values'!$K$8:$N$8)*(3/9),IF(E33="Cubs",AVERAGE('Bullpen Values'!$K$9:$N$9)*(3/9),IF(E33="White Sox",AVERAGE('Bullpen Values'!$K$10:$N$10)*(3/9),IF(E33="Reds",AVERAGE('Bullpen Values'!$K$11:$N$11)*(3/9),IF(E33="Indians",AVERAGE('Bullpen Values'!$K$12:$N$12)*(3/9),IF(E33="Rockies",AVERAGE('Bullpen Values'!$K$13:$N$13)*(3/9),IF(E33="Tigers",AVERAGE('Bullpen Values'!$K$14:$N$14)*(3/9),IF(E33="Astros",AVERAGE('Bullpen Values'!$K$15:$N$15)*(3/9),IF(E33="Royals",AVERAGE('Bullpen Values'!$K$16:$N$16)*(3/9),IF(E33="Angels",AVERAGE('Bullpen Values'!$K$17:$N$17)*(3/9),IF(E33="Dodgers",AVERAGE('Bullpen Values'!$K$18:$N$18)*(3/9),IF(E33="Marlins",AVERAGE('Bullpen Values'!$K$19:$N$19)*(3/9),IF(E33="Brewers",AVERAGE('Bullpen Values'!$K$20:$N$20)*(3/9),IF(E33="Twins",AVERAGE('Bullpen Values'!$K$21:$N$21)*(3/9),IF(E33="Mets",AVERAGE('Bullpen Values'!$K$22:$N$22)*(3/9),IF(E33="Yankees",AVERAGE('Bullpen Values'!$K$23:$N$23)*(3/9),IF(E33="Athletics",AVERAGE('Bullpen Values'!$K$24:$N$24)*(3/9),IF(E33="Phillies",AVERAGE('Bullpen Values'!$K$25:$N$25)*(3/9),IF(E33="Pirates",AVERAGE('Bullpen Values'!$K$26:$N$26)*(3/9),IF(E33="Padres",AVERAGE('Bullpen Values'!$K$27:$N$27)*(3/9),IF(E33="Giants",AVERAGE('Bullpen Values'!$K$28:$N$28)*(3/9),IF(E33="Mariners",AVERAGE('Bullpen Values'!$K$29:$N$29)*(3/9),IF(E33="Cardinals",AVERAGE('Bullpen Values'!$K$30:$N$30)*(3/9),IF(E33="Rays",AVERAGE('Bullpen Values'!$K$31:$N$31)*(3/9),IF(E33="Rangers",AVERAGE('Bullpen Values'!$K$32:$N$32)*(3/9),IF(E33="Blue Jays",AVERAGE('Bullpen Values'!$K$33:$N$33)*(3/9),IF(E33="Nationals",AVERAGE('Bullpen Values'!$K$34:$N$34)*(3/9))))))))))))))))))))))))))))))) -> 1.3233333 | F36: Bullpen Value | G36: =IF(G33="Diamondbacks", AVERAGE('Bullpen Values'!$K$5:$N$5)*(3/9), IF(G33="Braves",AVERAGE('Bullpen Values'!$K$6:$N$6)*(3/9),IF(G33="Orioles",AVERAGE('Bullpen Values'!$K$7:$N$7)*(3/9),IF(G33="Red Sox",AVERAGE('Bullpen Values'!$K$8:$N$8)*(3/9),IF(G33="Cubs",AVERAGE('Bullpen Values'!$K$9:$N$9)*(3/9),IF(G33="White Sox",AVERAGE('Bullpen Values'!$K$10:$N$10)*(3/9),IF(G33="Reds",AVERAGE('Bullpen Values'!$K$11:$N$11)*(3/9),IF(G33="Indians",AVERAGE('Bullpen Values'!$K$12:$N$12)*(3/9),IF(G33="Rockies",AVERAGE('Bullpen Values'!$K$13:$N$13)*(3/9),IF(G33="Tigers",AVERAGE('Bullpen Values'!$K$14:$N$14)*(3/9),IF(G33="Astros",AVERAGE('Bullpen Values'!$K$15:$N$15)*(3/9),IF(G33="Royals",AVERAGE('Bullpen Values'!$K$16:$N$16)*(3/9),IF(G33="Angels",AVERAGE('Bullpen Values'!$K$17:$N$17)*(3/9),IF(G33="Dodgers",AVERAGE('Bullpen Values'!$K$18:$N$18)*(3/9),IF(G33="Marlins",AVERAGE('Bullpen Values'!$K$19:$N$19)*(3/9),IF(G33="Brewers",AVERAGE('Bullpen Values'!$K$20:$N$20)*(3/9),IF(G33="Twins",AVERAGE('Bullpen Values'!$K$21:$N$21)*(3/9),IF(G33="Mets",AVERAGE('Bullpen Values'!$K$22:$N$22)*(3/9),IF(G33="Yankees",AVERAGE('Bullpen Values'!$K$23:$N$23)*(3/9),IF(G33="Athletics",AVERAGE('Bullpen Values'!$K$24:$N$24)*(3/9),IF(G33="Phillies",AVERAGE('Bullpen Values'!$K$25:$N$25)*(3/9),IF(G33="Pirates",AVERAGE('Bullpen Values'!$K$26:$N$26)*(3/9),IF(G33="Padres",AVERAGE('Bullpen Values'!$K$27:$N$27)*(3/9),IF(G33="Giants",AVERAGE('Bullpen Values'!$K$28:$N$28)*(3/9),IF(G33="Mariners",AVERAGE('Bullpen Values'!$K$29:$N$29)*(3/9),IF(G33="Cardinals",AVERAGE('Bullpen Values'!$K$30:$N$30)*(3/9),IF(G33="Rays",AVERAGE('Bullpen Values'!$K$31:$N$31)*(3/9),IF(G33="Rangers",AVERAGE('Bullpen Values'!$K$32:$N$32)*(3/9),IF(G33="Blue Jays",AVERAGE('Bullpen Values'!$K$33:$N$33)*(3/9),IF(G33="Nationals",AVERAGE('Bullpen Values'!$K$34:$N$34)*(3/9))))))))))))))))))))))))))))))) -> 1.6444444 | H36: =IF(H34=6.5,1.67,IF(H34=7,1.72,IF(H34=7.5,1.76,IF(H34=8,1.8,IF(H34=8.5,1.84,IF(H34=9,1.88,IF(H34=9.5,1.92,IF(H34=10,1.95,IF(H34=10.5,1.98,IF(H34=11,2.01,IF(H34=11.5,2.04,IF(H34=12,2.07,IF(H34=12.5,2.1,IF(H34=13,2.12)))))))))))))) -> FALSE | I36: =IF(I33="Diamondbacks", AVERAGE('Bullpen Values'!$K$5:$N$5)*(3/9), IF(I33="Braves",AVERAGE('Bullpen Values'!$K$6:$N$6)*(3/9),IF(I33="Orioles",AVERAGE('Bullpen Values'!$K$7:$N$7)*(3/9),IF(I33="Red Sox",AVERAGE('Bullpen Values'!$K$8:$N$8)*(3/9),IF(I33="Cubs",AVERAGE('Bullpen Values'!$K$9:$N$9)*(3/9),IF(I33="White Sox",AVERAGE('Bullpen Values'!$K$10:$N$10)*(3/9),IF(I33="Reds",AVERAGE('Bullpen Values'!$K$11:$N$11)*(3/9),IF(I33="Indians",AVERAGE('Bullpen Values'!$K$12:$N$12)*(3/9),IF(I33="Rockies",AVERAGE('Bullpen Values'!$K$13:$N$13)*(3/9),IF(I33="Tigers",AVERAGE('Bullpen Values'!$K$14:$N$14)*(3/9),IF(I33="Astros",AVERAGE('Bullpen Values'!$K$15:$N$15)*(3/9),IF(I33="Royals",AVERAGE('Bullpen Values'!$K$16:$N$16)*(3/9),IF(I33="Angels",AVERAGE('Bullpen Values'!$K$17:$N$17)*(3/9),IF(I33="Dodgers",AVERAGE('Bullpen Values'!$K$18:$N$18)*(3/9),IF(I33="Marlins",AVERAGE('Bullpen Values'!$K$19:$N$19)*(3/9),IF(I33="Brewers",AVERAGE('Bullpen Values'!$K$20:$N$20)*(3/9),IF(I33="Twins",AVERAGE('Bullpen Values'!$K$21:$N$21)*(3/9),IF(I33="Mets",AVERAGE('Bullpen Values'!$K$22:$N$22)*(3/9),IF(I33="Yankees",AVERAGE('Bullpen Values'!$K$23:$N$23)*(3/9),IF(I33="Athletics",AVERAGE('Bullpen Values'!$K$24:$N$24)*(3/9),IF(I33="Phillies",AVERAGE('Bullpen Values'!$K$25:$N$25)*(3/9),IF(I33="Pirates",AVERAGE('Bullpen Values'!$K$26:$N$26)*(3/9),IF(I33="Padres",AVERAGE('Bullpen Values'!$K$27:$N$27)*(3/9),IF(I33="Giants",AVERAGE('Bullpen Values'!$K$28:$N$28)*(3/9),IF(I33="Mariners",AVERAGE('Bullpen Values'!$K$29:$N$29)*(3/9),IF(I33="Cardinals",AVERAGE('Bullpen Values'!$K$30:$N$30)*(3/9),IF(I33="Rays",AVERAGE('Bullpen Values'!$K$31:$N$31)*(3/9),IF(I33="Rangers",AVERAGE('Bullpen Values'!$K$32:$N$32)*(3/9),IF(I33="Blue Jays",AVERAGE('Bullpen Values'!$K$33:$N$33)*(3/9),IF(I33="Nationals",AVERAGE('Bullpen Values'!$K$34:$N$34)*(3/9))))))))))))))))))))))))))))))) -> 1.4444444 | J36: Bullpen Value | K36: =IF(K33="Diamondbacks", AVERAGE('Bullpen Values'!$K$5:$N$5)*(3/9), IF(K33="Braves",AVERAGE('Bullpen Values'!$K$6:$N$6)*(3/9),IF(K33="Orioles",AVERAGE('Bullpen Values'!$K$7:$N$7)*(3/9),IF(K33="Red Sox",AVERAGE('Bullpen Values'!$K$8:$N$8)*(3/9),IF(K33="Cubs",AVERAGE('Bullpen Values'!$K$9:$N$9)*(3/9),IF(K33="White Sox",AVERAGE('Bullpen Values'!$K$10:$N$10)*(3/9),IF(K33="Reds",AVERAGE('Bullpen Values'!$K$11:$N$11)*(3/9),IF(K33="Indians",AVERAGE('Bullpen Values'!$K$12:$N$12)*(3/9),IF(K33="Rockies",AVERAGE('Bullpen Values'!$K$13:$N$13)*(3/9),IF(K33="Tigers",AVERAGE('Bullpen Values'!$K$14:$N$14)*(3/9),IF(K33="Astros",AVERAGE('Bullpen Values'!$K$15:$N$15)*(3/9),IF(K33="Royals",AVERAGE('Bullpen Values'!$K$16:$N$16)*(3/9),IF(K33="Angels",AVERAGE('Bullpen Values'!$K$17:$N$17)*(3/9),IF(K33="Dodgers",AVERAGE('Bullpen Values'!$K$18:$N$18)*(3/9),IF(K33="Marlins",AVERAGE('Bullpen Values'!$K$19:$N$19)*(3/9),IF(K33="Brewers",AVERAGE('Bullpen Values'!$K$20:$N$20)*(3/9),IF(K33="Twins",AVERAGE('Bullpen Values'!$K$21:$N$21)*(3/9),IF(K33="Mets",AVERAGE('Bullpen Values'!$K$22:$N$22)*(3/9),IF(K33="Yankees",AVERAGE('Bullpen Values'!$K$23:$N$23)*(3/9),IF(K33="Athletics",AVERAGE('Bullpen Values'!$K$24:$N$24)*(3/9),IF(K33="Phillies",AVERAGE('Bullpen Values'!$K$25:$N$25)*(3/9),IF(K33="Pirates",AVERAGE('Bullpen Values'!$K$26:$N$26)*(3/9),IF(K33="Padres",AVERAGE('Bullpen Values'!$K$27:$N$27)*(3/9),IF(K33="Giants",AVERAGE('Bullpen Values'!$K$28:$N$28)*(3/9),IF(K33="Mariners",AVERAGE('Bullpen Values'!$K$29:$N$29)*(3/9),IF(K33="Cardinals",AVERAGE('Bullpen Values'!$K$30:$N$30)*(3/9),IF(K33="Rays",AVERAGE('Bullpen Values'!$K$31:$N$31)*(3/9),IF(K33="Rangers",AVERAGE('Bullpen Values'!$K$32:$N$32)*(3/9),IF(K33="Blue Jays",AVERAGE('Bullpen Values'!$K$33:$N$33)*(3/9),IF(K33="Nationals",AVERAGE('Bullpen Values'!$K$34:$N$34)*(3/9))))))))))))))))))))))))))))))) -> 1.5422222 | L36: =IF(L34=6.5,1.67,IF(L34=7,1.72,IF(L34=7.5,1.76,IF(L34=8,1.8,IF(L34=8.5,1.84,IF(L34=9,1.88,IF(L34=9.5,1.92,IF(L34=10,1.95,IF(L34=10.5,1.98,IF(L34=11,2.01,IF(L34=11.5,2.04,IF(L34=12,2.07,IF(L34=12.5,2.1,IF(L34=13,2.12)))))))))))))) -> FALSE
A37: =(A35+A36)/$M$4 -> 1.0219479 | B37: Pitching Value | C37: =(C35+C36)/$M$4 -> 1.0268861 | E37: =(E35+E36)/$M$4 -> 0.90123457 | F37: Pitching Value | G37: =(G35+G36)/$M$4 -> 0.98052126 | I37: =(I35+I36)/$M$4 -> 1.0973937 | J37: Pitching Value | K37: =(K35+K36)/$M$4 -> 0.95939643
A38: =A34*C37*$M$6 -> 4.3769399 | B38: xRuns | C38: =C34*A37*$M$6 -> 4.4343357 | E38: =E34*G37*$M$6 -> 4.3698558 | F38: xRuns | G38: =G34*E37*$M$6 -> 3.7797809 | I38: =I34*K37*$M$6 -> 3.9225111 | J38: xRuns | K38: =K34*I37*$M$6 -> 4.7398576
A39: =POWER(A38,D36)/(POWER(A38,D36)+(POWER(C38,D36))) -> 0.4943982 | B39: Win % | C39: =POWER(C38,D36)/(POWER(C38,D36)+(POWER(A38,D36))) -> 0.5056018 | E39: 0.29 | F39: Win % | G39: =POWER(G38,H36)/(POWER(G38,H36)+(POWER(E38,H36))) -> 0.5 | I39: =POWER(I38,L36)/(POWER(I38,L36)+(POWER(K38,L36))) -> 0.5 | J39: Win % | K39: =POWER(K38,L36)/(POWER(K38,L36)+(POWER(I38,L36))) -> 0.5
A40: =IF(A39<0.5,100/(A39/1)-100,((A39*100)/(1-(A39/1)))*-1) -> 102.26611 | B40: "True" Odds | C40: =IF(C39<0.5,100/(C39/1)-100,((C39*100)/(1-(C39/1)))*-1) -> -102.26611 | E40: =IF(E39<0.5,100/(E39/1)-100,((E39*100)/(1-(E39/1)))*-1) -> 244.82759 | F40: "True" Odds | G40: =IF(G39<0.5,100/(G39/1)-100,((G39*100)/(1-(G39/1)))*-1) -> -100 | J40: "True" Odds | K40: =IF(K39<0.5,100/(K39/1)-100,((K39*100)/(1-(K39/1)))*-1) -> -100

Sheet Offensive Values
A1: team | B1: team_id | C1: year | D1: pa | E1: bip | F1: ba | G1: est_ba | H1: est_ba_minus_ba_diff | I1: slg | J1: est_slg | K1: est_slg_minus_slg_diff | L1: woba | M1: est_woba | N1: est_woba_minus_woba_diff | P1: Offensive Value: | Q1: Expected Value: | U1: Arizona Diamondbacks
A2: Arizona Diamondbacks | B2: 109 | C2: 2021 | D2: 2187 | E2: 1453 | F2: 0.235 | G2: 0.233 | H2: 0.002 | I2: 0.388 | J2: 0.383 | K2: 0.005 | L2: 0.306 | M2: 0.305 | N2: 0.001 | P2: =L2/$I$34 -> 0.98709677 | Q2: =M2/$J$34 -> 0.95611285
A3: Atlanta Braves | B3: 144 | C3: 2021 | D3: 1979 | E3: 1271 | F3: 0.234 | G3: 0.251 | H3: -0.017 | I3: 0.433 | J3: 0.463 | K3: -0.03 | L3: 0.323 | M3: 0.341 | N3: -0.018 | P3: =L3/$I$34 -> 1.0419355 | Q3: =M3/$J$34 -> 1.0689655 | U3: Atlanta Braves
A4: Baltimore Orioles | B4: 110 | C4: 2021 | D4: 2049 | E4: 1387 | F4: 0.233 | G4: 0.235 | H4: -0.002 | I4: 0.39 | J4: 0.394 | K4: -0.004 | L4: 0.302 | M4: 0.305 | N4: -0.003 | P4: =L4/$I$34 -> 0.97419355 | Q4: =M4/$J$34 -> 0.95611285 | U4: Baltimore Orioles
A5: Boston Red Sox | B5: 111 | C5: 2021 | D5: 2037 | E5: 1383 | F5: 0.257 | G5: 0.258 | H5: -0.001 | I5: 0.438 | J5: 0.453 | K5: -0.015 | L5: 0.326 | M5: 0.331 | N5: -0.005 | P5: =L5/$I$34 -> 1.0516129 | Q5: =M5/$J$34 -> 1.0376176 | U5: Boston Red Sox
A6: Chicago Cubs | B6: 112 | C6: 2021 | D6: 2061 | E6: 1316 | F6: 0.242 | G6: 0.238 | H6: 0.004 | I6: 0.413 | J6: 0.404 | K6: 0.009 | L6: 0.321 | M6: 0.319 | N6: 0.002 | P6: =L6/$I$34 -> 1.0354839 | Q6: =M6/$J$34 -> 1 | U6: Chicago Cubs
A7: Chicago White Sox | B7: 145 | C7: 2021 | D7: 2050 | E7: 1321 | F7: 0.256 | G7: 0.246 | H7: 0.01 | I7: 0.406 | J7: 0.411 | K7: -0.005 | L7: 0.33 | M7: 0.33 | N7: 0 | P7: =L7/$I$34 -> 1.0645161 | Q7: =M7/$J$34 -> 1.0344828 | U7: Chicago White Sox
A8: Cincinnati Reds | B8: 113 | C8: 2021 | D8: 2030 | E8: 1360 | F8: 0.247 | G8: 0.251 | H8: -0.004 | I8: 0.423 | J8: 0.436 | K8: -0.013 | L8: 0.326 | M8: 0.331 | N8: -0.005 | P8: =L8/$I$34 -> 1.0516129 | Q8: =M8/$J$34 -> 1.0376176 | U8: Cincinnati Reds
A9: Cleveland Indians | B9: 114 | C9: 2021 | D9: 1935 | E9: 1302 | F9: 0.218 | G9: 0.241 | H9: -0.023 | I9: 0.382 | J9: 0.415 | K9: -0.033 | L9: 0.294 | M9: 0.318 | N9: -0.024 | P9: =L9/$I$34 -> 0.9483871 | Q9: =M9/$J$34 -> 0.9968652 | U9: Cleveland Indians
A10: Colorado Rockies | B10: 115 | C10: 2021 | D10: 2034 | E10: 1365 | F10: 0.236 | G10: 0.242 | H10: -0.006 | I10: 0.384 | J10: 0.392 | K10: -0.008 | L10: 0.3 | M10: 0.305 | N10: -0.005 | P10: =L10/$I$34 -> 0.96774194 | Q10: =M10/$J$34 -> 0.95611285 | U10: Colorado Rockies
A11: Detroit Tigers | B11: 116 | C11: 2021 | D11: 2001 | E11: 1252 | F11: 0.227 | G11: 0.226 | H11: 0.001 | I11: 0.364 | J11: 0.379 | K11: -0.015 | L11: 0.292 | M11: 0.3 | N11: -0.008 | P11: =L11/$I$34 -> 0.94193548 | Q11: =M11/$J$34 -> 0.94043887 | U11: Detroit Tigers
A12: Houston Astros | B12: 117 | C12: 2021 | D12: 2130 | E12: 1530 | F12: 0.265 | G12: 0.274 | H12: -0.009 | I12: 0.422 | J12: 0.442 | K12: -0.02 | L12: 0.33 | M12: 0.342 | N12: -0.012 | P12: =L12/$I$34 -> 1.0645161 | Q12: =M12/$J$34 -> 1.0721003 | U12: Houston Astros
A13: Kansas City Royals | B13: 118 | C13: 2021 | D13: 1931 | E13: 1322 | F13: 0.241 | G13: 0.245 | H13: -0.004 | I13: 0.386 | J13: 0.424 | K13: -0.038 | L13: 0.302 | M13: 0.319 | N13: -0.017 | P13: =L13/$I$34 -> 0.97419355 | Q13: =M13/$J$34 -> 1 | U13: Kansas City Royals
A14: Los Angeles Angels | B14: 108 | C14: 2021 | D14: 2013 | E14: 1379 | F14: 0.246 | G14: 0.245 | H14: 0.001 | I14: 0.409 | J14: 0.413 | K14: -0.004 | L14: 0.311 | M14: 0.312 | N14: -0.001 | P14: =L14/$I$34 -> 1.0032258 | Q14: =M14/$J$34 -> 0.97805643 | U14: Los Angeles Angels
... A31: Washington Nationals | B31: 120 | C31: 2021 | D31: 1921 | E31: 1308 | F31: 0.252 | G31: 0.258 | H31: -0.006 | I31: 0.391 | J31: 0.427 | K31: -0.036 | L31: 0.311 | M31: 0.328 | N31: -0.017 | P31: =L31/$I$34 -> 1.0032258 | Q31: =M31/$J$34 -> 1.0282132 | U31: Washington Nationals
B33: Year | C33: BA | D33: xBA | E33: Diff | F33: SLG | G33: xSLG | H33: Diff | I33: wOBA | J33: xwOBA | K33: Diff
A34: MLB Average | B34: 2021 | C34: 0.236 | D34: 0.242 | E34: -0.006 | F34: 0.395 | G34: 0.413 | H34: -0.018 | I34: 0.31 | J34: 0.319 | K34: -0.009

Sheet Starting Pitchers
A1: Name | B1: ERA | C1: xERA | D1: FIP | E1: xFIP | F1: WAR | G1: playerid | H1: Team | I1: IP | J1: K/9 | K1: BB/9 | L1: HR/9 | M1: BABIP | N1: LOB% | O1: GB% | P1: HR/FB | Q1: vFA (pi)
A2: Aaron Civale | B2: 3.28 | C2: 4.37 | D2: 4.24 | E2: 4.21 | F2: 0.8 | G2: 19479 | H2: CLE | I2: 74 | J2: 6.57 | K2: 2.19 | L2: 1.22 | M2: 0.245 | N2: 0.791 | O2: 0.463 | P2: 0.135 | Q2: 91.6
A3: Aaron Nola | B3: 3.84 | C3: 3.37 | D3: 3.21 | E3: 3.54 | F3: 1.8 | G3: 16149 | H3: PHI | I3: 70.1 | J3: 9.98 | K3: 1.92 | L3: 1.02 | M3: 0.316 | N3: 0.735 | O3: 0.423 | P3: 0.108 | Q3: 92.9
A4: Aaron Sanchez | B4: 3.18 | C4: 3.62 | D4: 3.84 | E4: 4.26 | F4: 0.4 | G4: 11490 | H4: SFG | I4: 28.1 | J4: 7.62 | K4: 3.18 | L4: 0.64 | M4: 0.268 | N4: 0.795 | O4: 0.56 | P4: 0.091 | Q4: 90.3
A5: Adam Wainwright | B5: 4.22 | C5: 3.6 | D5: 4.51 | E5: 3.95 | F5: 0.4 | G5: 2233 | H5: STL | I5: 59.2 | J5: 8.6 | K5: 2.87 | L5: 1.51 | M5: 0.272 | N5: 0.758 | O5: 0.474 | P5: 0.179 | Q5: 89.8
A6: Adbert Alzolay | B6: 3.62 | C6: 3.83 | D6: 3.92 | E6: 3.33 | F6: 0.8 | G6: 17859 | H6: CHC | I6: 54.2 | J6: 9.55 | K6: 1.81 | L6: 1.48 | M6: 0.227 | N6: 0.767 | O6: 0.457 | P6: 0.184 | Q6: 93.9
A7: Adrian Houser | B7: 4.07 | D7: 4.9 | E7: 3.86 | F7: 0.1 | G7: 12718 | H7: MIL | I7: 48.2 | J7: 7.77 | K7: 3.88 | L7: 1.48 | M7: 0.258 | N7: 0.739 | O7: 0.58 | P7: 0.258 | Q7: 93.9
A8: Alex Cobb | B8: 3.78 | C8: 3.57 | D8: 2.2 | E8: 2.44 | F8: 1.1 | G8: 6562 | H8: LAA | I8: 33.1 | J8: 11.61 | K8: 3.24 | L8: 0.27 | M8: 0.376 | N8: 0.658 | O8: 0.565 | P8: 0.083 | Q8: 93
A9: Alex Wood | B9: 3.48 | C9: 3.81 | D9: 3.68 | E9: 3.3 | F9: 0.7 | G9: 13781 | H9: SFG | I9: 51.2 | J9: 9.06 | K9: 2.61 | L9: 1.05 | M9: 0.278 | N9: 0.779 | O9: 0.562 | P9: 0.176
A10: Andrew Heaney | B10: 4.76 | C10: 4.46 | D10: 4.06 | E10: 3.66 | F10: 0.7 | G10: 15423 | H10: LAA | I10: 51 | J10: 10.94 | K10: 3 | L10: 1.59 | M10: 0.298 | N10: 0.7 | O10: 0.331 | P10: 0.161 | Q10: 92.1
A11: Anthony DeSclafani | B11: 3.56 | C11: 3.42 | D11: 3.84 | E11: 4.14 | F11: 0.8 | G11: 13050 | H11: SFG | I11: 60.2 | J11: 8.01 | K11: 2.97 | L11: 1.04 | M11: 0.254 | N11: 0.764 | O11: 0.491 | P11: 0.111 | Q11: 94.2
A12: Antonio Senzatela | B12: 4.47 | C12: 4.52 | D12: 4.44 | E12: 4.58 | F12: 0.7 | G12: 15488 | H12: COL | I12: 58.1 | J12: 5.25 | K12: 2.47 | L12: 0.93 | M12: 0.308 | N12: 0.678 | O12: 0.53 | P12: 0.12 | Q12: 94.5
A13: Austin Gomber | B13: 4.55 | C13: 3.65 | D13: 4.29 | E13: 3.9 | F13: 0.7 | G13: 16561 | H13: COL | I13: 57.1 | J13: 9.42 | K13: 3.61 | L13: 1.41 | M13: 0.248 | N13: 0.603 | O13: 0.452 | P13: 0.164 | Q13: 92.1
A14: Blake Snell | B14: 5.55 | C14: 4.93 | D14: 4.41 | E14: 3.59 | F14: 0.4 | G14: 13543 | H14: SDP | I14: 47 | J14: 13.4 | K14: 5.94 | L14: 1.53 | M14: 0.333 | N14: 0.71 | O14: 0.448 | P14: 0.211 | Q14: 95.6
A15: Brad Keller | B15: 5.68 | C15: 6.55 | D15: 4.77 | E15: 4.34 | F15: 0.2 | G15: 15734 | H15: KCR | I15: 50.2 | J15: 8.17 | K15: 4.44 | L15: 1.24 | M15: 0.352 | N15: 0.665 | O15: 0.506 | P15: 0.175 | Q15: 94.2
A16: Brady Singer | B16: 5.06 | C16: 3.52 | D16: 3.51 | E16: 4.19 | F16: 1 | G16: 25377 | H16: KCR | I16: 53.1 | J16: 9.28 | K16: 3.38 | L16: 0.68 | M16: 0.329 | N16: 0.61 | O16: 0.491 | P16: 0.078
A17: Brandon Woodruff | B17: 1.27 | C17: 2.41 | D17: 2.15 | E17: 2.77 | F17: 2.5 | G17: 16162 | H17: MIL | I17: 71 | J17: 10.52 | K17: 2.03 | L17: 0.38 | M17: 0.192 | N17: 0.858 | O17: 0.465 | P17: 0.063 | Q17: 96.7
A18: Brett Anderson | B18: 4.18 | C18: 8.14 | D18: 5.42 | E18: 4.4 | F18: -0.1 | G18: 8223 | H18: MIL | I18: 32.1 | J18: 5.57 | K18: 3.06 | L18: 1.67 | M18: 0.286 | N18: 0.783 | O18: 0.541 | P18: 0.231 | Q18: 89.3
A19: Bruce Zimmermann | B19: 5.4 | D19: 5.53 | E19: 4.53 | F19: 0 | G19: 20370 | H19: BAL | I19: 43.1 | J19: 7.68 | K19: 2.91 | L19: 2.08 | M19: 0.356 | N19: 0.783 | O19: 0.371 | P19: 0.2 | Q19: 91.7
A20: Bryse Wilson | B20: 4.38 | C20: 4.37 | D20: 5.93 | E20: 4.73 | F20: -0.1 | G20: 19990 | H20: ATL | I20: 24.2 | J20: 5.47 | K20: 2.55 | L20: 2.19 | M20: 0.303 | N20: 0.833 | O20: 0.443 | P20: 0.214 | Q20: 93.6
A21: Carlos Martinez | B21: 5.83 | C21: 5.77 | D21: 4.26 | E21: 5.2 | F21: 0.6 | G21: 11682 | H21: STL | I21: 54 | J21: 5.17 | K21: 3.33 | L21: 0.5 | M21: 0.257 | N21: 0.551 | O21: 0.494 | P21: 0.058 | Q21: 93.9
A22: Carlos Rodon | B22: 1.98 | C22: 2.35 | D22: 2.62 | E22: 2.65 | F22: 1.8 | G22: 16137 | H22: CHW | I22: 54.2 | J22: 13.17 | K22: 2.14 | L22: 0.99 | M22: 0.234 | N22: 0.889 | O22: 0.426 | P22: 0.13 | Q22: 95.5
A23: Casey Mize | B23: 3.28 | C23: 4.49 | D23: 4.44 | E23: 4.2 | F23: 0.6 | G23: 20492 | H23: DET | I23: 57.2 | J23: 7.34 | K23: 3.12 | L23: 1.09 | M23: 0.24 | N23: 0.814 | O23: 0.513 | P23: 0.156 | Q23: 94.6
A24: Charlie Morton | B24: 4.11 | C24: 4.11 | D24: 3.75 | E24: 3.3 | F24: 0.9 | G24: 4676 | H24: ATL | I24: 57 | J24: 10.58 | K24: 3.32 | L24: 1.11 | M24: 0.308 | N24: 0.655 | O24: 0.48 | P24: 0.184 | Q24: 95.3
A25: Chase Anderson | B25: 6.96 | D25: 6.1 | E25: 5.64 | F25: -0.2 | G25: 6895 | H25: PHI | I25: 32.1 | J25: 7.24 | K25: 4.45 | L25: 1.95 | M25: 0.293 | N25: 0.664 | O25: 0.365 | P25: 0.159 | Q25: 92.1
A26: Chi Chi Gonzalez | B26: 4.42 | D26: 4.69 | E26: 4.71 | F26: 0.3 | G26: 14663 | H26: COL | I26: 36.2 | J26: 4.66 | K26: 2.21 | L26: 1.23 | M26: 0.28 | N26: 0.732 | O26: 0.405 | P26: 0.132 | Q26: 92
A27: Chris Bassitt | B27: 3.53 | C27: 2.97 | D27: 3 | E27: 3.63 | F27: 1.7 | G27: 12304 | H27: OAK | I27: 74 | J27: 9.73 | K27: 2.07 | L27: 0.73 | M27: 0.281 | N27: 0.728 | O27: 0.434 | P27: 0.083 | Q27: 94
A28: Chris Flexen | B28: 4.7 | C28: 4.52 | D28: 4.03 | E28: 4.51 | F28: 0.7 | G28: 13896 | H28: SEA | I28: 53.2 | J28: 5.53 | K28: 1.84 | L28: 1.01 | M28: 0.333 | N28: 0.7 | O28: 0.47 | P28: 0.1 | Q28: 92.6
A29: Chris Paddack | B29: 4.24 | C29: 4.14 | D29: 4.06 | E29: 4.03 | F29: 0.5 | G29: 20099 | H29: SDP | I29: 46.2 | J29: 8.1 | K29: 2.31 | L29: 1.35 | M29: 0.269 | N29: 0.619 | O29: 0.432 | P29: 0.135 | Q29: 94.9
A30: Clayton Kershaw | B30: 3.33 | C30: 3.18 | D30: 3.06 | E30: 3.18 | F30: 1.8 | G30: 2036 | H30: LAD | I30: 70.1 | J30: 9.85 | K30: 1.66 | L30: 1.02 | M30: 0.264 | N30: 0.731 | O30: 0.478 | P30: 0.123 | Q30: 90.9
A31: Cody Poteet | B31: 2.95 | C31: 2.51 | D31: 3.13 | E31: 4.26 | F31: 0.6 | G31: 18769 | H31: MIA | I31: 21.1 | J31: 8.02 | K31: 1.69 | L31: 0.84 | M31: 0.211 | N31: 0.724 | O31: 0.351 | P31: 0.069 | Q31: 93.5
A32: Cole Irvin | B32: 4.12 | C32: 4.43 | D32: 3.81 | E32: 4.56 | F32: 0.9 | G32: 19244 | H32: OAK | I32: 63.1 | J32: 6.39 | K32: 1.56 | L32: 0.99 | M32: 0.297 | N32: 0.716 | O32: 0.359 | P32: 0.088 | Q32: 91.1
A33: Corbin Burnes | B33: 2.24 | C33: 1.45 | D33: 1.17 | E33: 1.82 | F33: 2.6 | G33: 19361 | H33: MIL | I33: 52.1 | J33: 13.93 | K33: 1.2 | L33: 0.34 | M33: 0.279 | N33: 0.714 | O33: 0.519 | P33: 0.057 | Q33: 96.7
A34: Corey Kluber | B34: 3.04 | C34: 3.6 | D34: 3.75 | E34: 4.19 | F34: 0.9 | G34: 2429 | H34: NYY | I34: 53.1 | J34: 9.28 | K34: 3.88 | L34: 0.84 | M34: 0.269 | N34: 0.767 | O34: 0.464 | P34: 0.098 | Q34: 90.4
A35: Cristian Javier | B35: 3.14 | D35: 4.1 | E35: 4.22 | F35: 0.6 | G35: 17606 | H35: HOU | I35: 48.2 | J35: 10.73 | K35: 3.88 | L35: 1.29 | M35: 0.21 | N35: 0.833 | O35: 0.295 | P35: 0.125 | Q35: 93.2
A36: Dallas Keuchel | B36: 4.53 | C36: 6.15 | D36: 4.88 | E36: 4.41 | F36: 0.2 | G36: 9434 | H36: CHW | I36: 59.2 | J36: 4.53 | K36: 2.72 | L36: 1.21 | M36: 0.275 | N36: 0.673 | O36: 0.595 | P36: 0.182 | Q36: 89
A37: Dane Dunning | B37: 4.67 | C37: 4.17 | D37: 3 | E37: 3.26 | F37: 1.2 | G37: 19409 | H37: TEX | I37: 52 | J37: 9.52 | K37: 2.94 | L37: 0.69 | M37: 0.356 | N37: 0.673 | O37: 0.566 | P37: 0.105
A38: Danny Duffy | B38: 1.94 | C38: 3.62 | D38: 2.32 | E38: 3.77 | F38: 1.6 | G38: 3542 | H38: KCR | I38: 41.2 | J38: 10.37 | K38: 2.59 | L38: 0.43 | M38: 0.306 | N38: 0.814 | O38: 0.309 | P38: 0.04 | Q38: 93.8
A39: David Peterson | B39: 5.89 | C39: 5.8 | D39: 5.12 | E39: 3.69 | F39: 0 | G39: 20302 | H39: NYM | I39: 44.1 | J39: 9.95 | K39: 4.06 | L39: 1.83 | M39: 0.3 | N39: 0.63 | O39: 0.521 | P39: 0.29 | Q39: 92.6
A40: Dean Kremer | B40: 6.87 | C40: 5.99 | D40: 6.21 | E40: 5.09 | F40: -0.1 | G40: 19350 | H40: BAL | I40: 38 | J40: 8.76 | K40: 3.79 | L40: 2.61 | M40: 0.327 | N40: 0.714 | O40: 0.283 | P40: 0.19 | Q40: 92.8
A41: Domingo German | B41: 3.27 | C41: 3.75 | D41: 4.44 | E41: 4.01 | F41: 0.5 | G41: 17149 | H41: NYY | I41: 55 | J41: 8.51 | K41: 1.64 | L41: 1.8 | M41: 0.245 | N41: 0.869 | O41: 0.462 | P41: 0.159 | Q41: 93.5
A42: Drew Smyly | B42: 5.98 | C42: 5.99 | D42: 6.28 | E42: 4.72 | F42: -0.5 | G42: 11760 | H42: ATL | I42: 46.2 | J42: 8.29 | K42: 3.09 | L42: 2.7 | M42: 0.262 | N42: 0.639 | O42: 0.369 | P42: 0.222 | Q42: 92.4
A43: Dustin May | B43: 2.74 | C43: 2.97 | D43: 3.26 | E43: 1.75 | F43: 0.4 | G43: 19716 | H43: LAD | I43: 23 | J43: 13.7 | K43: 2.35 | L43: 1.57 | M43: 0.255 | N43: 0.862 | O43: 0.56 | P43: 0.4 | Q43: 98.8
A44: Dylan Bundy | B44: 6.49 | C44: 4 | D44: 5.1 | E44: 4.05 | F44: 0.1 | G44: 12917 | H44: LAA | I44: 51.1 | J44: 9.29 | K44: 2.63 | L44: 2.1 | M44: 0.293 | N44: 0.602 | O44: 0.403 | P44: 0.203 | Q44: 91.5
A45: Dylan Cease | B45: 3.79 | C45: 3.45 | D45: 3.48 | E45: 4.19 | F45: 1.3 | G45: 18525 | H45: CHW | I45: 54.2 | J45: 11.2 | K45: 4.45 | L45: 0.82 | M45: 0.311 | N45: 0.757 | O45: 0.331 | P45: 0.083 | Q45: 96.1
A46: Eduardo Rodriguez | B46: 5.64 | C46: 3.6 | D46: 3.7 | E46: 3.34 | F46: 0.8 | G46: 13164 | H46: BOS | I46: 52.2 | J46: 9.91 | K46: 2.22 | L46: 1.37 | M46: 0.374 | N46: 0.669 | O46: 0.422 | P46: 0.163 | Q46: 92.7
A47: Erick Fedde | B47: 4.35 | C47: 4.31 | D47: 4.41 | E47: 4.33 | F47: 0.4 | G47: 17425 | H47: WSN | I47: 39.1 | J47: 8.24 | K47: 4.12 | L47: 1.14 | M47: 0.243 | N47: 0.698 | O47: 0.491 | P47: 0.139
A48: Frankie Montas | B48: 4.45 | C48: 4.52 | D48: 4.34 | E48: 4.11 | F48: 0.5 | G48: 14309 | H48: OAK | I48: 58.2 | J48: 9.66 | K48: 2.61 | L48: 1.69 | M48: 0.324 | N48: 0.743 | O48: 0.363 | P48: 0.147 | Q48: 96.5
A49: Freddy Peralta | B49: 2.47 | D49: 3.06 | E49: 3.37 | F49: 1.5 | G49: 18679 | H49: MIL | I49: 54.2 | J49: 12.68 | K49: 3.46 | L49: 0.99 | M49: 0.19 | N49: 0.841 | O49: 0.343 | P49: 0.109 | Q49: 93.3
A50: Garrett Richards | B50: 3.75 | C50: 4.77 | D50: 4.03 | E50: 4.51 | F50: 0.8 | G50: 9784 | H50: BOS | I50: 60 | J50: 7.8 | K50: 4.5 | L50: 0.75 | M50: 0.318 | N50: 0.759 | O50: 0.489 | P50: 0.093 | Q50: 94.4
A51: German Marquez | B51: 4.13 | C51: 4.03 | D51: 3.73 | E51: 3.73 | F51: 1.2 | G51: 15038 | H51: COL | I51: 65.1 | J51: 9.51 | K51: 4.55 | L51: 0.83 | M51: 0.302 | N51: 0.726 | O51: 0.523 | P51: 0.133 | Q51: 95.2
A52: Gerrit Cole | B52: 1.78 | C52: 2.17 | D52: 1.73 | E52: 2.28 | F52: 3 | G52: 13125 | H52: NYY | I52: 70.2 | J52: 12.35 | K52: 1.15 | L52: 0.64 | M52: 0.298 | N52: 0.849 | O52: 0.458 | P52: 0.083 | Q52: 97.5
A53: Griffin Canning | B53: 5.26 | D53: 5.39 | E53: 4.21 | F53: 0.1 | G53: 19867 | H53: LAA | I53: 37.2 | J53: 10.27 | K53: 4.3 | L53: 2.15 | M53: 0.295 | N53: 0.755 | O53: 0.34 | P53: 0.214 | Q53: 93.9
A54: Huascar Ynoa | B54: 3.09 | D54: 3.75 | E54: 3.05 | F54: 0.7 | G54: 20468 | H54: ATL | I54: 43.2 | J54: 10.31 | K54: 2.27 | L54: 1.44 | M54: 0.264 | N54: 0.833 | O54: 0.464 | P54: 0.2 | Q54: 96.9
A55: Hyun-Jin Ryu | B55: 2.62 | C55: 3.3 | D55: 2.89 | E55: 3.07 | F55: 1.3 | G55: 14444 | H55: TOR | I55: 58.1 | J55: 8.95 | K55: 1.23 | L55: 0.93 | M55: 0.294 | N55: 0.817 | O55: 0.482 | P55: 0.118 | Q55: 89.3
A56: Ian Anderson | B56: 3.27 | C56: 4.22 | D56: 3.66 | E56: 3.34 | F56: 0.9 | G56: 19951 | H56: ATL | I56: 55 | J56: 9.65 | K56: 3.6 | L56: 0.98 | M56: 0.287 | N56: 0.812 | O56: 0.535 | P56: 0.171 | Q56: 94.6
A57: J.A. Happ | B57: 5.24 | C57: 4.43 | D57: 4.13 | E57: 5.22 | F57: 0.6 | G57: 7410 | H57: MIN | I57: 46.1 | J57: 6.8 | K57: 3.11 | L57: 0.97 | M57: 0.275 | N57: 0.623 | O57: 0.362 | P57: 0.075 | Q57: 90.7
A58: Jack Flaherty | B58: 2.9 | C58: 4.49 | D58: 3.7 | E58: 3.9 | F58: 1 | G58: 17479 | H58: STL | I58: 62 | J58: 9.73 | K58: 2.9 | L58: 1.02 | M58: 0.239 | N58: 0.714 | O58: 0.363 | P58: 0.117 | Q58: 94.2
A59: Jacob deGrom | B59: 0.71 | C59: 1.52 | D59: 1.1 | E59: 1.52 | F59: 2.8 | G59: 10954 | H59: NYM | I59: 51 | J59: 14.47 | K59: 1.24 | L59: 0.53 | M59: 0.218 | N59: 0.887 | O59: 0.433 | P59: 0.086 | Q59: 99
A60: Jake Arrieta | B60: 4.41 | C60: 5.41 | D60: 5.17 | E60: 4.98 | F60: 0 | G60: 4153 | H60: CHC | I60: 51 | J60: 7.24 | K60: 3.53 | L60: 1.59 | M60: 0.278 | N60: 0.733 | O60: 0.394 | P60: 0.145
A61: Jakob Junis | B61: 4.37 | D61: 3 | E61: 3.53 | F61: 0.6 | G61: 13619 | H61: KCR | I61: 22.2 | J61: 9.93 | K61: 2.78 | L61: 0.79 | M61: 0.333 | N61: 0.649 | O61: 0.419 | P61: 0.091 | Q61: 90.8
A62: James Kaprielian | B62: 2.95 | C62: 4.25 | D62: 4.45 | E62: 5.29 | F62: 0.2 | G62: 18331 | H62: OAK | I62: 21.1 | J62: 9.28 | K62: 3.8 | L62: 1.27 | M62: 0.222 | N62: 0.872 | O62: 0.246 | P62: 0.091 | Q62: 93
A63: Jameson Taillon | B63: 5.1 | C63: 3.83 | D63: 4.62 | E63: 4.22 | F63: 0.5 | G63: 11674 | H63: NYY | I63: 47.2 | J63: 10.38 | K63: 2.83 | L63: 1.89 | M63: 0.289 | N63: 0.729 | O63: 0.351 | P63: 0.156 | Q63: 94
A64: Jeff Hoffman | B64: 4.61 | C64: 5.44 | D64: 4.62 | E64: 5.12 | F64: 0.3 | G64: 17432 | H64: CIN | I64: 41 | J64: 8.56 | K64: 5.93 | L64: 0.88 | M64: 0.293 | N64: 0.684 | O64: 0.356 | P64: 0.095 | Q64: 93.9
A65: Jesus Luzardo | B65: 5.79 | D65: 4.6 | E65: 4.5 | F65: 0.1 | G65: 19959 | H65: OAK | I65: 28 | J65: 9.64 | K65: 3.86 | L65: 1.61 | M65: 0.35 | N65: 0.632 | O65: 0.402 | P65: 0.139 | Q65: 96.1
A66: Joe Musgrove | B66: 2.26 | D66: 2.78 | E66: 2.46 | F66: 1.6 | G66: 12970 | H66: SDP | I66: 55.2 | J66: 12.29 | K66: 1.94 | L66: 0.97 | M66: 0.233 | N66: 0.826 | O66: 0.496 | P66: 0.171 | Q66: 93.5
A67: Joe Ross | B67: 5.4 | C67: 5.16 | D67: 5.49 | E67: 4.55 | F67: 0 | G67: 12972 | H67: WSN | I67: 48.1 | J67: 8.75 | K67: 4.1 | L67: 1.86 | M67: 0.277 | N67: 0.707 | O67: 0.438 | P67: 0.204 | Q67: 93.8
A68: John Gant | B68: 1.6 | C68: 5.13 | D68: 3.98 | E68: 5.02 | F68: 0.7 | G68: 13684 | H68: STL | I68: 50.2 | J68: 6.93 | K68: 6.04 | L68: 0.18 | M68: 0.284 | N68: 0.863 | O68: 0.486 | P68: 0.026 | Q68: 91.5
A69: John Means | B69: 2.05 | C69: 3.47 | D69: 3.83 | E69: 3.91 | F69: 1.6 | G69: 16269 | H69: BAL | I69: 70.1 | J69: 8.7 | K69: 1.66 | L69: 1.41 | M69: 0.188 | N69: 0.986 | O69: 0.306 | P69: 0.128 | Q69: 92.9
A70: Johnny Cueto | B70: 3.45 | C70: 4.17 | D70: 2.64 | E70: 3.73 | F70: 1.4 | G70: 6893 | H70: SFG | I70: 44.1 | J70: 7.31 | K70: 1.22 | L70: 0.41 | M70: 0.336 | N70: 0.728 | O70: 0.374 | P70: 0.047 | Q70: 92.4
A71: Jon Gray | B71: 3.71 | C71: 3.57 | D71: 4.11 | E71: 4.27 | F71: 0.8 | G71: 14916 | H71: COL | I71: 60.2 | J71: 7.42 | K71: 3.71 | L71: 0.89 | M71: 0.253 | N71: 0.656 | O71: 0.517 | P71: 0.118 | Q71: 94.5
A72: Jon Lester | B72: 4.37 | C72: 4.17 | D72: 4.59 | E72: 4.61 | F72: 0.3 | G72: 4930 | H72: WSN | I72: 35 | J72: 6.43 | K72: 3.09 | L72: 1.29 | M72: 0.311 | N72: 0.767 | O72: 0.376 | P72: 0.132 | Q72: 89.2
A73: Jordan Lyles | B73: 5.75 | C73: 5.44 | D73: 4.79 | E73: 4.54 | F73: 0.3 | G73: 7593 | H73: TEX | I73: 61 | J73: 7.97 | K73: 3.1 | L73: 1.62 | M73: 0.333 | N73: 0.7 | O73: 0.365 | P73: 0.149 | Q73: 92.9
A74: Jordan Montgomery | B74: 3.92 | C74: 3.75 | D74: 3.54 | E74: 3.81 | F74: 1.2 | G74: 16511 | H74: NYY | I74: 59.2 | J74: 8.9 | K74: 2.26 | L74: 1.06 | M74: 0.283 | N74: 0.693 | O74: 0.415 | P74: 0.113 | Q74: 93
A75: Jorge Lopez | B75: 5.29 | C75: 4.61 | D75: 4.92 | E75: 4.01 | F75: 0.3 | G75: 14527 | H75: BAL | I75: 51 | J75: 9.18 | K75: 3.88 | L75: 1.59 | M75: 0.304 | N75: 0.714 | O75: 0.493 | P75: 0.22 | Q75: 95.3
A76: Jose Berrios | B76: 3.36 | C76: 4.68 | D76: 3.38 | E76: 3.34 | F76: 1.3 | G76: 14168 | H76: MIN | I76: 64.1 | J76: 9.65 | K76: 2.38 | L76: 0.98 | M76: 0.286 | N76: 0.748 | O76: 0.412 | P76: 0.137 | Q76: 94.5
A77: Jose Quintana | B77: 7.22 | C77: 5.16 | D77: 4.41 | E77: 3.92 | F77: 0.3 | G77: 11423 | H77: LAA | I77: 33.2 | J77: 13.37 | K77: 6.95 | L77: 1.34 | M77: 0.4 | N77: 0.586 | O77: 0.409 | P77: 0.179 | Q77: 91.3
A78: Jose Urena | B78: 4.14 | C78: 5.44 | D78: 3.83 | E78: 4.51 | F78: 0.9 | G78: 11589 | H78: DET | I78: 54.1 | J78: 5.8 | K78: 3.64 | L78: 0.5 | M78: 0.306 | N78: 0.695 | O78: 0.543 | P78: 0.068 | Q78: 94.9
A79: Jose Urquidy | B79: 3.02 | C79: 3.27 | D79: 3.67 | E79: 4.38 | F79: 1 | G79: 18413 | H79: HOU | I79: 50.2 | J79: 7.46 | K79: 1.78 | L79: 1.07 | M79: 0.243 | N79: 0.798 | O79: 0.303 | P79: 0.091 | Q79: 92.6
A80: Josh Fleming | B80: 1.69 | D80: 3.56 | E80: 4 | F80: 0.3 | G80: 20418 | H80: TBR | I80: 21.1 | J80: 5.91 | K80: 2.95 | L80: 0.42 | M80: 0.158 | N80: 0.843 | O80: 0.638 | P80: 0.077 | Q80: 92.2
A81: JT Brubaker | B81: 3.74 | C81: 4.22 | D81: 4.54 | E81: 3.6 | F81: 0.4 | G81: 17578 | H81: PIT | I81: 55.1 | J81: 9.11 | K81: 2.11 | L81: 1.63 | M81: 0.285 | N81: 0.847 | O81: 0.503 | P81: 0.222 | Q81: 93.2
A82: Julio Urias | B82: 3.61 | C82: 3.3 | D82: 2.99 | E82: 3.24 | F82: 1.7 | G82: 14765 | H82: LAD | I82: 67.1 | J82: 10.02 | K82: 1.2 | L82: 1.07 | M82: 0.276 | N82: 0.681 | O82: 0.402 | P82: 0.114 | Q82: 94.1
A83: Justin Dunn | B83: 3.18 | C83: 4.43 | D83: 4.57 | E83: 5.5 | F83: 0.4 | G83: 19268 | H83: SEA | I83: 45.1 | J83: 8.93 | K83: 5.36 | L83: 0.99 | M83: 0.196 | N83: 0.82 | O83: 0.342 | P83: 0.081 | Q83: 93.9
A84: Justus Sheffield | B84: 4.96 | C84: 5.84 | D84: 4.5 | E84: 4.83 | F84: 0.3 | G84: 17285 | H84: SEA | I84: 49 | J84: 6.43 | K84: 3.67 | L84: 0.92 | M84: 0.333 | N84: 0.649 | O84: 0.471 | P84: 0.106 | Q84: 93.5
A85: Kenta Maeda | B85: 5.27 | C85: 4.9 | D85: 5.03 | E85: 3.99 | F85: 0.1 | G85: 18498 | H85: MIN | I85: 42.2 | J85: 8.23 | K85: 2.32 | L85: 1.9 | M85: 0.336 | N85: 0.674 | O85: 0.43 | P85: 0.214 | Q85: 91.2
A86: Kevin Gausman | B86: 1.4 | C86: 2.82 | D86: 2.2 | E86: 3.05 | F86: 2.4 | G86: 14107 | H86: SFG | I86: 70.2 | J86: 10.57 | K86: 2.04 | L86: 0.51 | M86: 0.223 | N86: 0.895 | O86: 0.423 | P86: 0.062 | Q86: 94.7
A87: Kohei Arihara | B87: 6.59 | C87: 8.71 | D87: 6.59 | E87: 5.58 | F87: -0.5 | G87: 27505 | H87: TEX | I87: 28.2 | J87: 5.34 | K87: 3.77 | L87: 2.2 | M87: 0.281 | N87: 0.663 | O87: 0.404 | P87: 0.194 | Q87: 91.7
A88: Kwang-hyun Kim | B88: 3.65 | C88: 4.68 | D88: 3.46 | E88: 4.18 | F88: 0.8 | G88: 27458 | H88: STL | I88: 37 | J88: 8.03 | K88: 2.92 | L88: 0.73 | M88: 0.319 | N88: 0.717 | O88: 0.429 | P88: 0.079 | Q88: 89.2
A89: Kyle Gibson | B89: 2.24 | C89: 3.2 | D89: 3.23 | E89: 4.02 | F89: 1.2 | G89: 10123 | H89: TEX | I89: 60.1 | J89: 7.16 | K89: 2.83 | L89: 0.45 | M89: 0.234 | N89: 0.799 | O89: 0.527 | P89: 0.06 | Q89: 93.6
A90: Kyle Hendricks | B90: 4.62 | C90: 4.87 | D90: 5.51 | E90: 4.08 | F90: -0.2 | G90: 12049 | H90: CHC | I90: 62.1 | J90: 7.36 | K90: 1.59 | L90: 2.31 | M90: 0.311 | N90: 0.799 | O90: 0.435 | P90: 0.232 | Q90: 87.3
A91: Lance Lynn | B91: 1.37 | C91: 2.59 | D91: 2.87 | E91: 3.98 | F91: 1.6 | G91: 2520 | H91: CHW | I91: 52.2 | J91: 9.74 | K91: 2.56 | L91: 0.68 | M91: 0.222 | N91: 0.878 | O91: 0.328 | P91: 0.063 | Q91: 94.2
A92: Lance McCullers Jr. | B92: 2.96 | C92: 3.55 | D92: 3.85 | E92: 3.86 | F92: 0.6 | G92: 14120 | H92: HOU | I92: 51.2 | J92: 10.28 | K92: 4.53 | L92: 0.87 | M92: 0.242 | N92: 0.825 | O92: 0.536 | P92: 0.132 | Q92: 93.4
A93: Logan Webb | B93: 3.94 | D93: 3.32 | E93: 3.03 | F93: 0.9 | G93: 17995 | H93: SFG | I93: 48 | J93: 9.94 | K93: 3.19 | L93: 0.75 | M93: 0.333 | N93: 0.717 | O93: 0.574 | P93: 0.182 | Q93: 93.3
A94: Lucas Giolito | B94: 3.73 | C94: 3.27 | D94: 3.87 | E94: 3.53 | F94: 1.1 | G94: 15474 | H94: CHW | I94: 62.2 | J94: 11.2 | K94: 3.45 | L94: 1.44 | M94: 0.253 | N94: 0.737 | O94: 0.364 | P94: 0.159 | Q94: 93.8
A95: Luis Castillo | B95: 7.22 | C95: 4.28 | D95: 4.78 | E95: 4.28 | F95: 0.3 | G95: 15689 | H95: CIN | I95: 52.1 | J95: 8.25 | K95: 3.96 | L95: 1.38 | M95: 0.371 | N95: 0.542 | O95: 0.497 | P95: 0.178 | Q95: 96.9
A96: Luis Garcia | B96: 2.87 | D96: 3.96 | E96: 4.09 | F96: 0.5 | G96: 23735 | H96: HOU | I96: 47 | J96: 10.15 | K96: 3.06 | L96: 1.34 | M96: 0.225 | N96: 0.846 | O96: 0.368 | P96: 0.125 | Q96: 93.2
A97: Luke Weaver | B97: 4.5 | C97: 5.16 | D97: 4.23 | E97: 4.14 | F97: 0.4 | G97: 16918 | H97: ARI | I97: 40 | J97: 8.55 | K97: 2.93 | L97: 1.35 | M97: 0.266 | N97: 0.714 | O97: 0.381 | P97: 0.14 | Q97: 93.4
A98: Madison Bumgarner | B98: 5.73 | C98: 3.97 | D98: 4.44 | E98: 4.61 | F98: 0.7 | G98: 5524 | H98: ARI | I98: 59.2 | J98: 9.35 | K98: 2.72 | L98: 1.51 | M98: 0.29 | N98: 0.597 | O98: 0.315 | P98: 0.123 | Q98: 91.1
A99: Marco Gonzales | B99: 5.01 | C99: 7.28 | D99: 5.36 | E99: 4.63 | F99: 0.1 | G99: 15467 | H99: SEA | I99: 32.1 | J99: 8.07 | K99: 3.34 | L99: 1.95 | M99: 0.253 | N99: 0.745 | O99: 0.319 | P99: 0.179 | Q99: 88.2
A100: Marcus Stroman | B100: 2.64 | C100: 3.97 | D100: 3.63 | E100: 3.4 | F100: 1 | G100: 13431 | H100: NYM | I100: 64.2 | J100: 7.24 | K100: 1.81 | L100: 0.97 | M100: 0.263 | N100: 0.768 | O100: 0.535 | P100: 0.159 | Q100: 93
...

Sheet Bullpen Values
A1: Starters: | B1: ERA | C1: xERA | D1: FIP | E1: xFIP | F1: Model xERA | G1: 6IP Standard | H1: Bullpen xRuns | J1: Total xRuns | K1: /League Av
A2: Jorge Lopez | B2: 6 | C2: 4.78 | D2: 5.19 | E2: 3.91 | F2: =AVERAGE(B2:E2) -> 4.97 | G2: =F2*(6/9) -> 3.3133333 | H2: =(3/9)*C12 -> 3.5833333 | J2: =H2+G2 -> 6.8966667 | K2: =J2/4.06 -> 1.6986864
A3: Michael Pineda | B3: 2.79 | C3: 4.41 | D3: 4.59 | E3: 3.92 | F3: =AVERAGE(B3,D3,E3) -> 3.7666667 | G3: =F3*(2/3) -> 2.5111111 | H3: =(1/3)*C28 -> 2.9266667 | J3: =H3+G3 -> 5.4377778 | K3: =J3/4.06 -> 1.3393541
A4: Team | B4: IP | C4: K/9 | D4: BB/9 | E4: HR/9 | F4: BABIP | G4: LOB% | H4: GB% | I4: HR/FB | J4: vFA (pi) | K4: ERA | L4: xERA | M4: FIP | N4: xFIP | O4: WAR
A5: ARI | B5: 210.1 | C5: 8.39 | D5: 3.42 | E5: 1.33 | F5: 0.323 | G5: 0.691 | H5: 0.415 | I5: 0.132 | J5: 92.5 | K5: 4.75 | M5: 4.44 | N5: 4.46 | O5: -0.2
A6: ATL | B6: 190.1 | C6: 9.65 | D6: 4.16 | E6: 1.23 | F6: 0.308 | G6: 0.674 | H6: 0.396 | I6: 0.126 | J6: 94.3 | K6: 4.82 | M6: 4.31 | N6: 4.41 | O6: 0.5
A7: BAL | B7: 218 | C7: 9.87 | D7: 4 | E7: 1.24 | F7: 0.29 | G7: 0.719 | H7: 0.42 | I7: 0.135 | J7: 93.5 | K7: 4.46 | M7: 4.2 | N7: 4.17 | O7: 1.6
A8: BOS | B8: 187.1 | C8: 10.67 | D8: 4.23 | E8: 0.82 | F8: 0.318 | G8: 0.733 | H8: 0.461 | I8: 0.11 | J8: 94.8 | K8: 3.7 | M8: 3.59 | N8: 3.84 | O8: 2.1
A9: CHC | B9: 214.2 | C9: 11.19 | D9: 4.44 | E9: 0.67 | F9: 0.273 | G9: 0.801 | H9: 0.5 | I9: 0.102 | J9: 93.8 | K9: 2.64 | M9: 3.42 | N9: 3.71 | O9: 2.8
A10: CHW | B10: 167.1 | C10: 10.7 | D10: 3.01 | E10: 1.02 | F10: 0.32 | G10: 0.745 | H10: 0.411 | I10: 0.115 | J10: 95.6 | K10: 3.55 | M10: 3.34 | N10: 3.57 | O10: 2.6
A11: CIN | B11: 211.1 | C11: 10.18 | D11: 5.03 | E11: 1.49 | F11: 0.276 | G11: 0.635 | H11: 0.394 | I11: 0.152 | J11: 94.3 | K11: 5.71 | M11: 4.89 | N11: 4.62 | O11: -0.3
A12: CLE | B12: 185 | C12: 10.75 | D12: 4.48 | E12: 0.92 | F12: 0.269 | G12: 0.804 | H12: 0.463 | I12: 0.127 | J12: 95.7 | K12: 2.92 | M12: 3.7 | N12: 3.77 | O12: 1.7
A13: COL | B13: 180.2 | C13: 8.92 | D13: 4.43 | E13: 1.44 | F13: 0.31 | G13: 0.682 | H13: 0.394 | I13: 0.153 | J13: 95.3 | K13: 5.33 | M13: 4.87 | N13: 4.6 | O13: -0.2
A14: DET | B14: 191 | C14: 10.13 | D14: 4.57 | E14: 1.55 | F14: 0.31 | G14: 0.686 | H14: 0.429 | I14: 0.171 | J14: 94.3 | K14: 5.14 | M14: 4.81 | N14: 4.31 | O14: -0.1
A15: HOU | B15: 194 | C15: 9.14 | D15: 4.04 | E15: 1.39 | F15: 0.281 | G15: 0.684 | H15: 0.436 | I15: 0.153 | J15: 94.7 | K15: 4.45 | M15: 4.66 | N15: 4.39 | O15: -0.7
A16: KCR | B16: 200.1 | C16: 9.79 | D16: 5.12 | E16: 0.99 | F16: 0.278 | G16: 0.756 | H16: 0.432 | I16: 0.111 | J16: 94.7 | K16: 3.95 | M16: 4.21 | N16: 4.49 | O16: 0.5
... A34: WSN | B34: 178.1 | C34: 9.24 | D34: 3.89 | E34: 1.11 | F34: 0.27 | G34: 0.737 | H34: 0.41 | I34: 0.121 | J34: 94.5 | K34: 3.99 | M34: 4.1 | N34: 4.26 | O34: 0.7
